DATE,NIFTY50,SENSEX,NIFTYBEES,JUNIORBEES,GOLDBEES,BBETF0432,INDIA_VIX
2016-03-02,7368.85009765625,24242.98046875,74.6449966430664,180.61000061035156,26.111499786376953,,18.989999771118164
2016-03-03,7475.60009765625,24606.990234375,75.4260025024414,181.52999877929688,26.269500732421875,,18.040000915527344
2016-03-04,7485.35009765625,24646.48046875,75.81400299072266,183.7100067138672,26.67650032043457,,17.8799991607666
2016-03-08,7485.2998046875,24659.23046875,75.72100067138672,182.75999450683594,26.756500244140625,,18.469999313354492
2016-03-09,7531.7998046875,24793.9609375,76.0999984741211,183.2899932861328,26.482999801635742,,17.510000228881836
2016-03-10,7486.14990234375,24623.33984375,75.6729965209961,182.86000061035156,26.3125,,17.899999618530273
2016-03-11,7510.2001953125,24717.990234375,75.89399719238281,183.2899932861328,26.680500030517578,,17.100000381469727
2016-03-14,7538.75,24804.279296875,76.51899719238281,184.5800018310547,26.60099983215332,,17.100000381469727
2016-03-15,7460.60009765625,24551.169921875,75.7229995727539,183.88999938964844,26.13050079345703,,17.600000381469727
2016-03-16,7498.75,24682.48046875,76.10199737548828,181.77999877929688,26.06049919128418,,17.110000610351562
2016-03-17,7512.5498046875,24677.369140625,76.16000366210938,181.80999755859375,26.45549964904785,,16.84000015258789
2016-03-18,7604.35009765625,24952.740234375,76.97699737548828,183.50999450683594,26.18899917602539,,16.3799991607666
2016-03-21,7704.25,25285.369140625,78.01000213623047,185.6999969482422,26.04450035095215,,16.329999923706055
2016-03-22,7714.89990234375,25330.490234375,78.56199645996094,187.3000030517578,26.047500610351562,,16.43000030517578
2016-03-23,7716.5,25337.560546875,78.4739990234375,186.8000030517578,25.743000030517578,,16.350000381469727
2016-03-28,7615.10009765625,24966.400390625,77.98200225830078,184.63999938964844,25.337499618530273,,17.489999771118164
2016-03-29,7597.0,24900.4609375,77.30899810791016,184.4199981689453,25.430999755859375,,17.639999389648438
2016-03-30,7735.2001953125,25338.580078125,78.53800201416016,188.07000732421875,25.694499969482422,,16.809999465942383
2016-03-31,7738.39990234375,25341.859375,79.12699890136719,188.13999938964844,25.637500762939453,,16.579999923706055
2016-04-01,7713.0498046875,25269.640625,78.1510009765625,189.5500030517578,25.78849983215332,,17.280000686645508
2016-04-04,7758.7998046875,25399.650390625,78.62300109863281,189.75,25.475500106811523,,17.450000762939453
2016-04-05,7603.2001953125,24883.58984375,77.25399780273438,186.74000549316406,25.90399932861328,,17.829999923706055
2016-04-06,7614.35009765625,24900.630859375,77.28600311279297,187.14999389648438,25.9060001373291,,17.350000381469727
2016-04-07,7546.4501953125,24685.419921875,76.48699951171875,187.55999755859375,26.155500411987305,,16.93000030517578
2016-04-08,7555.2001953125,24673.83984375,76.75700378417969,188.24000549316406,26.257999420166016,,16.43000030517578
2016-04-11,7671.39990234375,25022.16015625,77.84100341796875,190.08999633789062,26.282499313354492,,16.010000228881836
2016-04-12,7708.9501953125,25145.58984375,78.08699798583984,191.00999450683594,26.549999237060547,,16.020000457763672
2016-04-13,7850.4501953125,25626.75,79.33000183105469,193.47999572753906,26.34600067138672,,16.040000915527344
2016-04-18,7914.7001953125,25816.359375,80.03700256347656,194.3800048828125,26.49250030517578,,16.950000762939453
2016-04-20,7914.75,25844.1796875,80.11499786376953,195.5399932861328,26.56100082397461,,17.079999923706055
2016-04-21,7912.0498046875,25880.380859375,80.04299926757812,194.08999633789062,26.843000411987305,,16.510000228881836
2016-04-22,7899.2998046875,25838.140625,79.91400146484375,195.22000122070312,26.697999954223633,,16.3799991607666
2016-04-25,7855.0498046875,25678.9296875,79.49400329589844,193.8699951171875,26.440500259399414,,16.56999969482422
2016-04-26,7962.64990234375,26007.30078125,80.63099670410156,195.75,26.45599937438965,,16.579999923706055
2016-04-27,7979.89990234375,26064.119140625,80.69000244140625,195.52000427246094,26.617000579833984,,16.350000381469727
2016-04-28,7847.25,25603.099609375,79.46600341796875,193.57000732421875,26.875,,16.600000381469727
2016-04-29,7849.7998046875,25606.619140625,79.51699829101562,193.8800048828125,27.17099952697754,,16.540000915527344
2016-05-02,7805.89990234375,25436.970703125,79.1240005493164,197.74000549316406,27.47599983215332,,17.09000015258789
2016-05-03,7747.0,25229.69921875,78.65499877929688,197.0800018310547,27.479999542236328,,17.459999084472656
2016-05-04,7706.5498046875,25101.73046875,78.16999816894531,194.07000732421875,27.202499389648438,,17.450000762939453
2016-05-05,7735.5,25262.2109375,78.73100280761719,192.94000244140625,27.12649917602539,,17.170000076293945
2016-05-06,7733.4501953125,25228.5,78.55400085449219,194.11000061035156,27.282499313354492,,16.950000762939453
2016-05-09,7866.0498046875,25688.859375,79.6729965209961,196.41000366210938,27.270000457763672,,16.610000610351562
2016-05-10,7887.7998046875,25772.529296875,79.83200073242188,196.17999267578125,27.172000885009766,,16.420000076293945
2016-05-11,7848.85009765625,25597.01953125,79.35900115966797,197.52000427246094,27.166500091552734,,16.959999084472656
2016-05-12,7900.39990234375,25790.220703125,79.90799713134766,198.5,27.01650047302246,,16.329999923706055
2016-05-13,7814.89990234375,25489.5703125,79.02300262451172,196.55999755859375,27.19300079345703,,17.0
2016-05-16,7860.75,25653.23046875,79.80400085449219,196.24000549316406,27.322500228881836,,17.030000686645508
2016-05-17,7890.75,25773.609375,79.84500122070312,195.94000244140625,27.274499893188477,,16.3700008392334
2016-05-18,7870.14990234375,25704.609375,79.58599853515625,194.9600067138672,27.312999725341797,,16.450000762939453
2016-05-19,7783.39990234375,25399.720703125,78.81900024414062,193.33999633789062,27.285499572753906,,17.059999465942383
2016-05-20,7749.7001953125,25301.900390625,78.70899963378906,192.60000610351562,27.225500106811523,,16.43000030517578
2016-05-23,7731.0498046875,25230.359375,78.45600128173828,192.14999389648438,27.187000274658203,,16.15999984741211
2016-05-24,7748.85009765625,25305.470703125,78.41300201416016,191.5800018310547,27.020999908447266,,16.219999313354492
2016-05-25,7934.89990234375,25881.169921875,80.23500061035156,193.02000427246094,26.70949935913086,,15.520000457763672
2016-05-26,8069.64990234375,26366.6796875,81.51499938964844,195.6199951171875,26.86549949645996,,15.329999923706055
2016-05-27,8156.64990234375,26653.599609375,82.43399810791016,198.52999877929688,26.81100082397461,,15.260000228881836
2016-05-30,8178.5,26725.599609375,82.75800323486328,198.6699981689453,26.41900062561035,,15.979999542236328
2016-05-31,8160.10009765625,26667.9609375,82.66799926757812,198.0399932861328,26.45599937438965,,16.049999237060547
2016-06-01,8179.9501953125,26713.9296875,82.88500213623047,199.1699981689453,26.50149917602539,,15.84000015258789
2016-06-02,8218.9501953125,26843.140625,83.4990005493164,199.14999389648438,26.289499282836914,,15.09000015258789
2016-06-03,8220.7998046875,26843.029296875,83.22699737548828,199.22000122070312,26.27199935913086,,15.0
2016-06-06,8201.0498046875,26777.44921875,83.10199737548828,198.0399932861328,26.720500946044922,,15.359999656677246
2016-06-07,8266.4501953125,27009.669921875,83.80400085449219,199.86000061035156,26.512500762939453,,14.869999885559082
2016-06-08,8273.0498046875,27020.66015625,84.0530014038086,199.49000549316406,26.500999450683594,,15.140000343322754
2016-06-09,8203.599609375,26763.4609375,83.37999725341797,199.72000122070312,26.63050079345703,,15.670000076293945
2016-06-10,8170.0498046875,26635.75,83.12300109863281,199.33999633789062,26.78350067138672,,15.970000267028809
2016-06-13,8110.60009765625,26396.76953125,82.60199737548828,197.7899932861328,27.058500289916992,,16.579999923706055
2016-06-14,8108.85009765625,26395.7109375,82.6719970703125,198.30999755859375,27.059499740600586,,17.190000534057617
2016-06-15,8206.599609375,26726.33984375,83.19200134277344,199.9600067138672,27.002500534057617,,17.059999465942383
2016-06-16,8140.75,26525.4609375,82.91899871826172,198.8699951171875,27.46500015258789,,17.700000762939453
2016-06-17,8170.2001953125,26625.91015625,82.90699768066406,198.47000122070312,27.13599967956543,,17.350000381469727
2016-06-20,8238.5,26866.919921875,83.63099670410156,198.8300018310547,27.102500915527344,,17.520000457763672
2016-06-21,8219.900390625,26812.779296875,83.35800170898438,200.8699951171875,27.13050079345703,,17.260000228881836
2016-06-22,8203.7001953125,26765.650390625,83.26200103759766,200.3000030517578,26.89900016784668,,18.18000030517578
2016-06-23,8270.4501953125,27002.220703125,83.95600128173828,200.42999267578125,26.78849983215332,,18.020000457763672
2016-06-24,8088.60009765625,26397.7109375,82.48799896240234,199.6999969482422,27.743499755859375,,18.6299991607666
2016-06-27,8094.7001953125,26402.9609375,82.4489974975586,199.32000732421875,28.027000427246094,,18.530000686645508
2016-06-28,8127.85009765625,26524.55078125,82.46700286865234,202.72999572753906,28.090499877929688,,17.729999542236328
2016-06-29,8204.0,26740.390625,83.26699829101562,203.6699981689453,27.854000091552734,,16.15999984741211
2016-06-30,8287.75,26999.720703125,84.28800201416016,205.92999267578125,27.773000717163086,,16.290000915527344
2016-07-01,8328.349609375,27144.91015625,84.52799987792969,208.66000366210938,28.01849937438965,,15.739999771118164
2016-07-04,8370.7001953125,27278.759765625,85.08899688720703,211.49000549316406,28.159500122070312,,15.579999923706055
2016-07-05,8335.9501953125,27166.869140625,84.64600372314453,210.02000427246094,28.076499938964844,,15.359999656677246
2016-07-07,8337.900390625,27201.490234375,84.71099853515625,211.10000610351562,28.368999481201172,,15.3100004196167
2016-07-08,8323.2001953125,27126.900390625,84.54399871826172,211.3699951171875,28.339500427246094,,15.079999923706055
2016-07-11,8467.900390625,27626.689453125,86.01899719238281,213.8000030517578,28.407499313354492,,14.850000381469727
2016-07-12,8521.0498046875,27808.140625,86.53199768066406,215.02999877929688,28.173999786376953,,14.779999732971191
2016-07-13,8519.5,27815.1796875,86.5479965209961,215.22999572753906,28.055999755859375,,15.329999923706055
2016-07-14,8565.0,27942.109375,86.94400024414062,216.08999633789062,27.986499786376953,,15.609999656677246
2016-07-15,8541.400390625,27836.5,86.80400085449219,219.13999938964844,27.963499069213867,,15.640000343322754
2016-07-18,8508.7001953125,27746.66015625,86.50399780273438,216.10000610351562,27.836000442504883,,15.989999771118164
2016-07-19,8528.5498046875,27787.619140625,86.67500305175781,216.2899932861328,27.90049934387207,,15.800000190734863
2016-07-20,8565.849609375,27915.890625,87.14900207519531,217.60000610351562,27.84749984741211,,15.989999771118164
2016-07-21,8510.099609375,27710.51953125,86.57599639892578,217.22999572753906,27.831499099731445,,15.710000038146973
2016-07-22,8541.2001953125,27803.240234375,86.9219970703125,220.07000732421875,27.854999542236328,,15.5
2016-07-25,8635.650390625,28095.33984375,87.95600128173828,223.1199951171875,27.777000427246094,,15.720000267028809
2016-07-26,8590.650390625,27976.51953125,87.58599853515625,222.1699981689453,27.918500900268555,,15.619999885559082
2016-07-27,8615.7998046875,28024.330078125,87.69599914550781,223.67999267578125,27.844499588012695,,15.430000305175781
2016-07-28,8666.2998046875,28208.619140625,88.11799621582031,225.1199951171875,28.037500381469727,,15.149999618530273
2016-07-29,8638.5,28051.859375,88.11100006103516,225.41000366210938,27.96299934387207,,14.920000076293945
2016-08-01,8636.5498046875,28003.119140625,87.96900177001953,225.35000610351562,28.45549964904785,,15.180000305175781
2016-08-02,8622.900390625,27981.7109375,87.9530029296875,225.49000549316406,28.791500091552734,,15.6899995803833
2016-08-03,8544.849609375,27697.509765625,87.05599975585938,221.36000061035156,28.867000579833984,,16.239999771118164
2016-08-04,8551.099609375,27714.369140625,87.21600341796875,221.52999877929688,28.77199935913086,,15.140000343322754
2016-08-05,8683.150390625,28078.349609375,88.38700103759766,225.8699951171875,29.101499557495117,,14.350000381469727
2016-08-08,8711.349609375,28182.5703125,88.66699981689453,227.55999755859375,28.357500076293945,,14.59000015258789
2016-08-09,8678.25,28085.16015625,88.33599853515625,225.91000366210938,28.539499282836914,,14.539999961853027
2016-08-10,8575.2998046875,27774.880859375,87.60800170898438,224.33999633789062,28.79050064086914,,14.920000076293945
2016-08-11,8592.150390625,27859.599609375,87.47100067138672,225.32000732421875,28.66550064086914,,14.210000038146973
2016-08-12,8592.150390625,28152.400390625,88.06400299072266,225.1999969482422,28.702499389648438,,13.770000457763672
2016-08-16,8642.5498046875,28064.609375,88.03199768066406,227.0500030517578,28.52050018310547,,14.180000305175781
2016-08-17,8624.0498046875,28005.369140625,87.71800231933594,228.9600067138672,28.477500915527344,,14.779999732971191
2016-08-18,8673.25,28123.439453125,88.25800323486328,229.85000610351562,28.64299964904785,,14.550000190734863
2016-08-19,8666.900390625,28077.0,88.26499938964844,230.88999938964844,28.659500122070312,,14.539999961853027
2016-08-22,8629.150390625,27985.5390625,87.81300354003906,229.02999877929688,28.549999237060547,,14.239999771118164
2016-08-23,8632.599609375,27990.2109375,87.86399841308594,227.66000366210938,28.484500885009766,,13.899999618530273
2016-08-24,8650.2998046875,28059.939453125,88.0739974975586,229.77000427246094,28.520000457763672,,13.489999771118164
2016-08-25,8592.2001953125,27835.91015625,87.74700164794922,229.1699981689453,28.3174991607666,,13.289999961853027
2016-08-26,8572.5498046875,27782.25,87.37200164794922,228.57000732421875,28.41550064086914,,13.569999694824219
2016-08-29,8607.4501953125,27902.66015625,87.63999938964844,229.08999633789062,28.16200065612793,,13.170000076293945
2016-08-30,8744.349609375,28343.009765625,88.96900177001953,231.8699951171875,28.141000747680664,,13.020000457763672
2016-08-31,8786.2001953125,28452.169921875,89.61699676513672,230.8800048828125,28.120500564575195,,13.239999771118164
2016-09-01,8774.650390625,28423.48046875,89.43399810791016,231.1300048828125,27.823999404907227,,13.34000015258789
2016-09-02,8809.650390625,28532.109375,89.61900329589844,231.92999267578125,27.88050079345703,,12.9399995803833
2016-09-06,8943.0,28978.01953125,90.9800033569336,235.52999877929688,28.042499542236328,,12.75
2016-09-07,8917.9501953125,28926.359375,90.88999938964844,235.38999938964844,28.324499130249023,,13.149999618530273
2016-09-08,8952.5,29045.279296875,91.27899932861328,235.8699951171875,28.320499420166016,,13.119999885559082
2016-09-09,8866.7001953125,28797.25,90.5770034790039,235.33999633789062,28.14150047302246,,13.229999542236328
2016-09-12,8715.599609375,28353.5390625,89.10900115966797,229.6999969482422,28.39550018310547,,15.239999771118164
2016-09-14,8726.599609375,28372.23046875,89.21600341796875,230.94000244140625,28.273500442504883,,14.760000228881836
2016-09-15,8742.5498046875,28412.890625,89.12799835205078,231.16000366210938,28.149999618530273,,14.680000305175781
2016-09-16,8779.849609375,28599.029296875,89.48400115966797,231.97999572753906,28.100500106811523,,14.579999923706055
2016-09-19,8808.400390625,28634.5,89.75800323486328,231.13999938964844,28.250499725341797,,14.9399995803833
2016-09-20,8775.900390625,28523.19921875,89.68000030517578,232.22000122070312,28.295499801635742,,14.779999732971191
2016-09-21,8777.150390625,28507.419921875,89.57099914550781,230.47999572753906,28.35099983215332,,14.8100004196167
2016-09-22,8867.4501953125,28773.130859375,90.36100006103516,233.33999633789062,28.381000518798828,,13.34000015258789
2016-09-23,8831.5498046875,28668.220703125,90.03399658203125,234.88999938964844,28.40250015258789,,13.25
2016-09-26,8723.0498046875,28294.279296875,89.22100067138672,233.72999572753906,28.420499801635742,,14.569999694824219
2016-09-27,8706.400390625,28223.69921875,88.85600280761719,233.02000427246094,28.338499069213867,,14.25
2016-09-28,8745.150390625,28292.810546875,89.26100158691406,234.92999267578125,28.10300064086914,,13.850000381469727
2016-09-29,8591.25,27827.529296875,88.05799865722656,227.36000061035156,28.499000549316406,,18.450000762939453
2016-09-30,8611.150390625,27865.9609375,87.85800170898438,230.0800018310547,28.25200080871582,,17.18000030517578
2016-10-03,8738.099609375,28243.2890625,89.1760025024414,236.41000366210938,28.179000854492188,,15.619999885559082
2016-10-04,8769.150390625,28334.55078125,89.29299926757812,237.99000549316406,28.15399932861328,,14.989999771118164
2016-10-05,8743.9501953125,28220.98046875,89.08699798583984,238.0,27.89900016784668,,14.930000305175781
2016-10-06,8709.5498046875,28106.2109375,88.68099975585938,237.97999572753906,27.717500686645508,,14.84000015258789
2016-10-07,8697.599609375,28061.140625,88.58499908447266,238.02000427246094,27.617000579833984,,14.489999771118164
2016-10-10,8708.7998046875,28082.33984375,88.95700073242188,239.49000549316406,27.96150016784668,,14.289999961853027
2016-10-13,8573.349609375,27643.109375,87.41200256347656,234.27999877929688,27.56399917602539,,15.430000305175781
2016-10-14,8583.400390625,27673.599609375,87.72899627685547,235.63999938964844,27.492000579833984,,14.890000343322754
2016-10-17,8520.400390625,27529.970703125,86.91300201416016,234.05999755859375,27.474000930786133,,15.65999984741211
2016-10-18,8677.900390625,28050.880859375,88.19300079345703,238.00999450683594,27.554000854492188,,14.539999961853027
2016-10-19,8659.099609375,27984.369140625,88.21399688720703,237.92999267578125,27.45549964904785,,14.609999656677246
2016-10-20,8699.400390625,28129.83984375,88.66899871826172,237.39999389648438,27.503000259399414,,14.170000076293945
2016-10-21,8693.0498046875,28077.1796875,88.61299896240234,238.25,27.44700050354004,,13.829999923706055
2016-10-24,8708.9501953125,28179.080078125,88.77300262451172,237.55999755859375,27.351499557495117,,14.329999923706055
2016-10-25,8691.2998046875,28091.419921875,88.7030029296875,238.36000061035156,27.268999099731445,,14.479999542236328
2016-10-26,8615.25,27836.509765625,87.927001953125,236.44000244140625,27.280000686645508,,14.449999809265137
2016-10-27,8615.25,27915.900390625,88.0790023803711,234.60000610351562,27.243999481201172,,14.09000015258789
2016-10-28,8638.0,27941.509765625,88.17900085449219,237.89999389648438,27.35700035095215,,14.649999618530273
2016-11-01,8626.25,27876.609375,88.18399810791016,239.5,27.405000686645508,,15.739999771118164
2016-11-02,8514.0,27527.220703125,87.25499725341797,235.27999877929688,27.66900062561035,,16.799999237060547
2016-11-03,8484.9501953125,27430.279296875,87.06900024414062,233.8800048828125,27.6564998626709,,16.469999313354492
2016-11-04,8433.75,27274.150390625,86.3489990234375,230.3000030517578,27.719999313354492,,16.850000381469727
2016-11-07,8497.0498046875,27458.990234375,87.24700164794922,230.57000732421875,27.629499435424805,,16.510000228881836
2016-11-08,8543.5498046875,27591.140625,88.16400146484375,232.85000610351562,27.708499908447266,,16.770000457763672
2016-11-09,8432.0,27252.529296875,86.24199676513672,227.39999389648438,28.138999938964844,,16.6200008392334
2016-11-10,8525.75,27517.6796875,87.53199768066406,231.80999755859375,28.011499404907227,,15.460000038146973
2016-11-11,8296.2998046875,26818.8203125,85.01399993896484,225.5399932861328,27.541500091552734,,17.360000610351562
2016-11-15,8108.4501953125,26304.630859375,83.08799743652344,211.58999633789062,27.410499572753906,,20.149999618530273
2016-11-16,8111.60009765625,26298.689453125,82.95500183105469,215.30999755859375,27.374500274658203,,19.5
2016-11-17,8079.9501953125,26227.619140625,82.98200225830078,214.82000732421875,27.048999786376953,,18.709999084472656
2016-11-18,8074.10009765625,26150.240234375,82.68099975585938,214.30999755859375,26.48200035095215,,17.809999465942383
2016-11-21,7929.10009765625,25765.140625,81.30899810791016,215.60000610351562,26.603500366210938,,19.100000381469727
2016-11-22,8002.2998046875,25960.779296875,82.00199890136719,218.75999450683594,26.70949935913086,,18.469999313354492
2016-11-23,8033.2998046875,26051.810546875,82.25299835205078,219.32000732421875,26.739999771118164,,18.040000915527344
2016-11-24,7965.5,25860.169921875,81.76399993896484,216.88999938964844,26.6560001373291,,17.15999984741211
2016-11-25,8114.2998046875,26316.33984375,82.8479995727539,220.74000549316406,26.343000411987305,,17.610000610351562
2016-11-28,8126.89990234375,26350.169921875,83.24500274658203,220.4199981689453,26.559499740600586,,18.059999465942383
2016-11-29,8142.14990234375,26394.009765625,83.39600372314453,221.25999450683594,26.543500900268555,,17.709999084472656
2016-11-30,8224.5,26652.810546875,83.91799926757812,222.92999267578125,26.456499099731445,,16.850000381469727
2016-12-01,8192.900390625,26559.919921875,83.52899932861328,222.1199951171875,26.16200065612793,,16.690000534057617
2016-12-02,8086.7998046875,26230.66015625,82.62300109863281,219.22999572753906,25.940000534057617,,17.93000030517578
2016-12-05,8128.75,26349.099609375,83.18199920654297,220.3000030517578,25.83449935913086,,17.290000915527344
2016-12-06,8143.14990234375,26392.759765625,83.25399780273438,221.58999633789062,25.916000366210938,,17.110000610351562
2016-12-07,8102.0498046875,26236.869140625,82.7979965209961,220.19000244140625,25.82200050354004,,16.850000381469727
2016-12-08,8246.849609375,26694.279296875,84.0009994506836,225.3000030517578,25.9060001373291,,15.529999732971191
2016-12-09,8261.75,26747.1796875,84.18499755859375,224.7899932861328,25.733999252319336,,15.069999694824219
2016-12-12,8170.7998046875,26515.240234375,83.3489990234375,222.25,25.660999298095703,,16.190000534057617
2016-12-13,8221.7998046875,26697.8203125,83.8740005493164,221.7899932861328,25.57900047302246,,15.920000076293945
2016-12-14,8182.4501953125,26602.83984375,83.43299865722656,218.72999572753906,25.52549934387207,,16.59000015258789
2016-12-15,8153.60009765625,26519.0703125,83.26499938964844,219.27999877929688,25.295000076293945,,15.65999984741211
2016-12-16,8139.4501953125,26489.560546875,83.04000091552734,217.3800048828125,25.007999420166016,,15.25
2016-12-19,8104.35009765625,26374.69921875,82.89099884033203,216.9600067138672,25.086999893188477,,14.84000015258789
2016-12-20,8082.39990234375,26307.98046875,82.62000274658203,215.7100067138672,25.02750015258789,,14.539999961853027
2016-12-21,8061.2998046875,26242.380859375,82.5270004272461,212.24000549316406,25.016000747680664,,14.710000038146973
2016-12-22,7979.10009765625,25979.599609375,81.58999633789062,211.47000122070312,24.87700080871582,,15.550000190734863
2016-12-23,7985.75,26040.69921875,81.64600372314453,210.39999389648438,24.863000869750977,,15.130000114440918
2016-12-26,7908.25,25807.099609375,80.78199768066406,206.85000610351562,25.0,,16.600000381469727
2016-12-27,8032.85009765625,26213.439453125,81.86399841308594,210.17999267578125,25.25149917602539,,15.079999923706055
2016-12-28,8034.85009765625,26210.6796875,81.85700225830078,211.1300048828125,25.4689998626709,,15.539999961853027
2016-12-29,8103.60009765625,26366.150390625,82.58100128173828,213.35000610351562,25.46649932861328,,15.279999732971191
2016-12-30,8185.7998046875,26626.4609375,83.48899841308594,216.16000366210938,25.645999908447266,,15.470000267028809
2017-01-02,8179.5,26595.44921875,83.51100158691406,218.61000061035156,25.583499908447266,,15.829999923706055
2017-01-03,8192.25,26643.240234375,83.61199951171875,219.49000549316406,25.46150016784668,,15.960000038146973
2017-01-04,8190.5,26633.130859375,83.58000183105469,219.5399932861328,25.832500457763672,,15.890000343322754
2017-01-05,8273.7998046875,26878.240234375,84.38999938964844,221.11000061035156,25.982500076293945,,15.050000190734863
2017-01-06,8243.7998046875,26759.23046875,84.23200225830078,221.9499969482422,25.983999252319336,,14.90999984741211
2017-01-09,8236.0498046875,26726.55078125,84.12899780273438,222.41000366210938,26.045000076293945,,15.479999542236328
2017-01-10,8288.599609375,26899.560546875,84.4469985961914,224.2100067138672,26.148000717163086,,15.199999809265137
2017-01-11,8380.650390625,27140.41015625,85.43000030517578,225.97000122070312,26.336999893188477,,14.8100004196167
2017-01-12,8407.2001953125,27247.16015625,85.66500091552734,228.22999572753906,26.513500213623047,,14.609999656677246
2017-01-13,8400.349609375,27238.060546875,85.60099792480469,229.41000366210938,26.45050048828125,,14.380000114440918
2017-01-16,8412.7998046875,27288.169921875,85.76699829101562,230.22000122070312,26.591999053955078,,15.069999694824219
2017-01-17,8398.0,27235.66015625,85.55999755859375,228.3300018310547,26.798999786376953,,15.390000343322754
2017-01-18,8417.0,27257.640625,85.74800109863281,229.55999755859375,26.85650062561035,,15.180000305175781
2017-01-19,8435.099609375,27308.599609375,85.95099639892578,231.14999389648438,26.663000106811523,,15.020000457763672
2017-01-20,8349.349609375,27034.5,85.10299682617188,227.97000122070312,26.687999725341797,,15.789999961853027
2017-01-23,8391.5,27117.33984375,85.45700073242188,229.60000610351562,26.664499282836914,,15.90999984741211
2017-01-24,8475.7998046875,27375.580078125,86.28199768066406,231.69000244140625,26.662500381469727,,15.289999961853027
2017-01-25,8602.75,27708.140625,87.45899963378906,235.64999389648438,26.520999908447266,,15.170000076293945
2017-01-27,8641.25,27882.4609375,87.98799896240234,237.22999572753906,26.21500015258789,,16.010000228881836
2017-01-30,8632.75,27849.560546875,87.94000244140625,237.19000244140625,26.06999969482422,,16.670000076293945
2017-01-31,8561.2998046875,27655.9609375,87.22799682617188,235.75999450683594,26.30699920654297,,16.829999923706055
2017-02-01,8716.400390625,28141.640625,88.72799682617188,239.3300018310547,26.433500289916992,,13.970000267028809
2017-02-02,8734.25,28226.609375,88.89600372314453,241.0399932861328,26.545000076293945,,13.520000457763672
2017-02-03,8740.9501953125,28240.51953125,88.99299621582031,240.6199951171875,26.444000244140625,,13.130000114440918
2017-02-06,8801.0498046875,28439.279296875,89.65899658203125,242.6699981689453,26.53700065612793,,13.399999618530273
2017-02-07,8768.2998046875,28335.16015625,89.37200164794922,243.05999755859375,26.881500244140625,,13.510000228881836
2017-02-08,8769.0498046875,28289.919921875,89.43599700927734,244.1699981689453,26.9424991607666,,13.350000381469727
2017-02-09,8778.400390625,28329.69921875,89.45600128173828,244.8300018310547,26.836999893188477,,13.239999771118164
2017-02-10,8793.5498046875,28334.25,89.58899688720703,244.38999938964844,26.5310001373291,,13.180000305175781
2017-02-13,8805.0498046875,28351.619140625,89.69999694824219,243.67999267578125,26.456499099731445,,13.6899995803833
2017-02-14,8792.2998046875,28339.310546875,89.75499725341797,242.83999633789062,26.583999633789062,,13.800000190734863
2017-02-15,8724.7001953125,28155.560546875,89.04100036621094,239.72000122070312,26.483999252319336,,14.210000038146973
2017-02-16,8778.0,28301.26953125,89.51200103759766,242.11000061035156,26.683500289916992,,13.729999542236328
2017-02-17,8821.7001953125,28468.75,89.94999694824219,243.97000122070312,26.86400032043457,,13.430000305175781
2017-02-20,8879.2001953125,28661.580078125,90.4990005493164,247.0399932861328,26.774499893188477,,13.609999656677246
2017-02-21,8907.849609375,28761.58984375,90.71600341796875,248.33999633789062,26.590499877929688,,13.529999732971191
2017-02-22,8926.900390625,28864.7109375,90.95600128173828,247.5399932861328,26.87700080871582,,13.699999809265137
2017-02-23,8939.5,28892.970703125,91.13099670410156,245.5500030517578,26.866500854492188,,13.399999618530273
2017-02-27,8896.7001953125,28812.880859375,90.7490005493164,245.66000366210938,27.077999114990234,,13.680000305175781
2017-02-28,8879.599609375,28743.3203125,90.66500091552734,247.0800018310547,27.021499633789062,,13.789999961853027
2017-03-01,8945.7998046875,28984.490234375,91.59600067138672,247.5,26.93199920654297,,13.579999923706055
2017-03-02,8899.75,28839.7890625,91.0719985961914,244.52999877929688,26.867000579833984,,13.359999656677246
2017-03-03,8897.5498046875,28832.44921875,91.04399871826172,243.8800048828125,26.618499755859375,,13.350000381469727
2017-03-06,8963.4501953125,29048.189453125,91.55599975585938,245.4199981689453,26.736499786376953,,13.640000343322754
2017-03-07,8946.900390625,28999.560546875,91.30999755859375,245.1699981689453,26.561500549316406,,13.880000114440918
2017-03-08,8924.2998046875,28901.939453125,91.0790023803711,242.47999572753906,26.292499542236328,,14.079999923706055
2017-03-09,8927.0,28929.130859375,91.49500274658203,242.69000244140625,26.246000289916992,,14.390000343322754
2017-03-10,8934.5498046875,28946.23046875,91.44999694824219,243.17999267578125,26.113000869750977,,13.960000038146973
2017-03-14,9087.0,29442.630859375,92.73699951171875,247.08999633789062,25.958499908447266,,12.399999618530273
2017-03-15,9084.7998046875,29398.109375,92.697998046875,247.6199951171875,25.62849998474121,,12.420000076293945
2017-03-16,9153.7001953125,29585.849609375,93.46399688720703,251.00999450683594,25.962499618530273,,11.90999984741211
2017-03-17,9160.0498046875,29648.990234375,93.43499755859375,250.85000610351562,25.989500045776367,,11.850000381469727
2017-03-20,9126.849609375,29518.740234375,93.26100158691406,251.55999755859375,26.049999237060547,,12.020000457763672
2017-03-21,9121.5,29485.44921875,93.30500030517578,251.4499969482422,26.061500549316406,,11.9399995803833
2017-03-22,9030.4501953125,29167.6796875,92.2750015258789,248.9600067138672,26.347999572753906,,12.270000457763672
2017-03-23,9086.2998046875,29332.16015625,93.0009994506836,251.47999572753906,26.382999420166016,,11.84000015258789
2017-03-24,9108.0,29421.400390625,93.31300354003906,250.02999877929688,26.336000442504883,,11.979999542236328
2017-03-27,9045.2001953125,29237.150390625,92.5999984741211,250.3000030517578,26.427000045776367,,12.4399995803833
2017-03-28,9100.7998046875,29409.51953125,92.98400115966797,251.05999755859375,26.332000732421875,,12.119999885559082
2017-03-29,9143.7998046875,29531.4296875,93.23600006103516,252.1699981689453,26.288000106811523,,12.09000015258789
2017-03-30,9173.75,29647.419921875,93.75700378417969,252.8699951171875,26.268999099731445,,12.149999618530273
2017-03-31,9173.75,29620.5,93.8270034790039,253.11000061035156,26.12849998474121,,12.420000076293945
2017-04-03,9237.849609375,29910.220703125,94.41200256347656,255.00999450683594,26.082500457763672,,11.489999771118164
2017-04-05,9265.150390625,29974.240234375,94.53299713134766,256.9599914550781,26.371000289916992,,11.550000190734863
2017-04-06,9261.9501953125,29927.33984375,94.54100036621094,257.4700012207031,26.392499923706055,,11.289999961853027
2017-04-07,9198.2998046875,29706.609375,93.96499633789062,259.1700134277344,26.513999938964844,,11.6899995803833
2017-04-10,9181.4501953125,29575.740234375,93.91899871826172,259.44000244140625,26.210500717163086,,11.619999885559082
2017-04-11,9237.0,29788.349609375,94.34400177001953,262.1499938964844,26.260499954223633,,11.399999618530273
2017-04-12,9203.4501953125,29643.48046875,94.03700256347656,262.3699951171875,26.600500106811523,,11.630000114440918
2017-04-13,9150.7998046875,29461.44921875,93.50599670410156,262.739990234375,26.77899932861328,,11.579999923706055
2017-04-17,9139.2998046875,29413.66015625,93.4540023803711,261.17999267578125,26.804500579833984,,11.890000343322754
2017-04-18,9105.150390625,29319.099609375,92.95800018310547,259.1000061035156,26.79450035095215,,12.380000114440918
2017-04-19,9103.5,29336.5703125,93.072998046875,260.29998779296875,26.681499481201172,,12.220000267028809
2017-04-20,9136.400390625,29422.390625,93.35900115966797,261.7900085449219,26.684499740600586,,11.5600004196167
2017-04-21,9119.400390625,29365.30078125,93.11199951171875,261.7699890136719,26.76849937438965,,11.420000076293945
2017-04-24,9217.9501953125,29655.83984375,94.14800262451172,263.92999267578125,26.548999786376953,,11.630000114440918
2017-04-25,9306.599609375,29943.240234375,94.9219970703125,267.739990234375,26.49250030517578,,11.15999984741211
2017-04-26,9351.849609375,30133.349609375,95.40799713134766,267.0400085449219,26.339500427246094,,11.739999771118164
2017-04-27,9342.150390625,30029.740234375,95.3489990234375,266.7200012207031,26.33300018310547,,11.069999694824219
2017-04-28,9304.0498046875,29918.400390625,94.98799896240234,266.70001220703125,26.40999984741211,,10.859999656677246
2017-05-02,9313.7998046875,29921.1796875,95.03299713134766,268.19000244140625,26.178499221801758,,11.449999809265137
2017-05-03,9311.9501953125,29894.80078125,95.04399871826172,267.9700012207031,26.11050033569336,,11.529999732971191
2017-05-04,9359.900390625,30126.2109375,95.56400299072266,269.0299987792969,25.804500579833984,,11.329999923706055
2017-05-05,9285.2998046875,29858.80078125,94.9020004272461,265.5299987792969,25.923999786376953,,11.989999771118164
2017-05-08,9314.0498046875,29926.150390625,95.0270004272461,265.5299987792969,25.720500946044922,,11.670000076293945
2017-05-09,9316.849609375,29933.25,95.11199951171875,268.1199951171875,25.70549964904785,,11.109999656677246
2017-05-10,9407.2998046875,30248.169921875,96.00299835205078,271.2099914550781,25.67449951171875,,10.949999809265137
2017-05-11,9422.400390625,30250.98046875,96.11299896240234,271.57000732421875,25.518999099731445,,10.84000015258789
2017-05-12,9400.900390625,30188.150390625,95.9469985961914,270.2099914550781,25.555500030517578,,10.630000114440918
2017-05-15,9445.400390625,30322.119140625,96.30500030517578,272.7200012207031,25.585500717163086,,10.680000305175781
2017-05-16,9512.25,30582.599609375,97.06500244140625,272.6000061035156,25.61750030517578,,10.5600004196167
2017-05-17,9525.75,30658.76953125,97.21199798583984,272.2200012207031,25.79800033569336,,10.640000343322754
2017-05-18,9429.4501953125,30434.7890625,96.23300170898438,266.5899963378906,26.325000762939453,,11.789999961853027
2017-05-19,9427.900390625,30464.919921875,96.25299835205078,264.8500061035156,26.227500915527344,,11.300000190734863
2017-05-22,9438.25,30570.970703125,96.36399841308594,262.5400085449219,26.186500549316406,,11.199999809265137
2017-05-23,9386.150390625,30365.25,95.8010025024414,259.4700012207031,26.38599967956543,,12.199999809265137
2017-05-24,9360.5498046875,30301.640625,95.53199768066406,255.52999877929688,26.239999771118164,,11.829999923706055
2017-05-25,9509.75,30750.029296875,97.0459976196289,257.7200012207031,26.116500854492188,,10.449999809265137
2017-05-26,9595.099609375,31028.2109375,97.88899993896484,263.44000244140625,26.308500289916992,,10.859999656677246
2017-05-29,9604.900390625,31109.279296875,98.02899932861328,261.6000061035156,26.29599952697754,,11.789999961853027
2017-05-30,9624.5498046875,31159.400390625,98.17500305175781,263.1400146484375,26.293500900268555,,11.770000457763672
2017-05-31,9621.25,31145.80078125,98.22200012207031,264.6499938964844,26.184499740600586,,11.760000228881836
2017-06-01,9616.099609375,31137.58984375,98.20700073242188,264.1199951171875,26.291500091552734,,11.3100004196167
2017-06-02,9653.5,31273.2890625,98.63300323486328,265.510009765625,26.179500579833984,,10.8100004196167
2017-06-05,9675.099609375,31309.490234375,98.94400024414062,268.6199951171875,26.535499572753906,,11.020000457763672
2017-06-06,9637.150390625,31190.560546875,98.55000305175781,265.7900085449219,26.672000885009766,,11.130000114440918
2017-06-07,9663.900390625,31271.279296875,98.77799987792969,267.6000061035156,26.629499435424805,,10.890000343322754
2017-06-08,9647.25,31213.359375,98.73799896240234,268.75,26.559499740600586,,11.069999694824219
2017-06-09,9668.25,31262.060546875,98.9540023803711,268.989990234375,26.35650062561035,,10.859999656677246
2017-06-12,9616.400390625,31095.69921875,98.32499694824219,268.6300048828125,26.311500549316406,,11.420000076293945
2017-06-13,9606.900390625,31103.490234375,98.42400360107422,269.7799987792969,26.22450065612793,,11.34000015258789
2017-06-14,9618.150390625,31155.91015625,98.37100219726562,268.1700134277344,26.212499618530273,,11.180000305175781
2017-06-15,9578.0498046875,31075.73046875,98.04000091552734,268.8800048828125,26.16699981689453,,11.329999923706055
2017-06-16,9588.0498046875,31056.400390625,98.052001953125,269.4100036621094,26.10650062561035,,10.920000076293945
2017-06-19,9657.5498046875,31311.5703125,98.82599639892578,269.94000244140625,26.01650047302246,,10.630000114440918
2017-06-20,9653.5,31297.529296875,98.87699890136719,270.0299987792969,25.98150062561035,,10.65999984741211
2017-06-21,9633.599609375,31283.640625,98.57499694824219,270.07000732421875,26.06800079345703,,10.920000076293945
2017-06-22,9630.0,31290.740234375,98.5,268.4700012207031,26.10449981689453,,11.210000038146973
2017-06-23,9574.9501953125,31138.2109375,98.02899932861328,266.1400146484375,26.12299919128418,,11.5600004196167
2017-06-27,9511.400390625,30958.25,97.34700012207031,262.67999267578125,26.07550048828125,,12.510000228881836
2017-06-28,9491.25,30834.3203125,97.26799774169922,263.8999938964844,25.992000579833984,,11.989999771118164
2017-06-29,9504.099609375,30857.51953125,97.3550033569336,264.010009765625,25.836000442504883,,11.380000114440918
2017-06-30,9520.900390625,30921.609375,97.5979995727539,266.6300048828125,25.768999099731445,,11.729999542236328
2017-07-03,9615.0,31221.619140625,98.4209976196289,269.1000061035156,25.679000854492188,,11.199999809265137
2017-07-04,9613.2998046875,31209.7890625,98.50800323486328,269.7799987792969,25.43950080871582,,11.279999732971191
2017-07-05,9637.599609375,31245.560546875,98.78600311279297,271.010009765625,25.414499282836914,,11.149999618530273
2017-07-06,9674.5498046875,31369.33984375,99.20700073242188,272.9700012207031,25.476499557495117,,10.979999542236328
2017-07-07,9665.7998046875,31360.630859375,99.00900268554688,273.29998779296875,25.388999938964844,,10.869999885559082
2017-07-10,9771.0498046875,31715.640625,100.01799774169922,275.1600036621094,25.099000930786133,,10.90999984741211
2017-07-11,9786.0498046875,31747.08984375,100.38400268554688,273.6700134277344,25.155000686645508,,10.890000343322754
2017-07-12,9816.099609375,31804.8203125,100.55400085449219,274.57000732421875,25.20949935913086,,11.050000190734863
2017-07-13,9891.7001953125,32037.380859375,101.42500305175781,277.2900085449219,25.221500396728516,,11.25
2017-07-14,9886.349609375,32020.75,101.24400329589844,277.4599914550781,25.18000030517578,,11.170000076293945
2017-07-17,9915.9501953125,32074.779296875,101.68800354003906,277.9100036621094,25.372499465942383,,11.460000038146973
2017-07-18,9827.150390625,31710.990234375,101.01100158691406,276.2799987792969,25.453500747680664,,11.489999771118164
2017-07-19,9899.599609375,31955.349609375,101.63200378417969,280.0899963378906,25.503000259399414,,11.260000228881836
2017-07-20,9873.2998046875,31904.400390625,101.4729995727539,278.7699890136719,25.47249984741211,,11.319999694824219
2017-07-21,9915.25,32028.890625,101.77300262451172,279.25,25.61199951171875,,11.09000015258789
2017-07-24,9966.400390625,32245.869140625,102.38600158691406,279.8900146484375,25.7814998626709,,11.3100004196167
2017-07-25,9964.5498046875,32228.26953125,102.49800109863281,281.239990234375,25.67650032043457,,10.90999984741211
2017-07-26,10020.650390625,32382.4609375,102.86199951171875,280.9700012207031,25.565000534057617,,11.170000076293945
2017-07-27,10020.5498046875,32383.30078125,103.0459976196289,280.0400085449219,25.773000717163086,,11.220000267028809
2017-07-28,10014.5,32309.880859375,102.75700378417969,280.9100036621094,25.654499053955078,,11.140000343322754
2017-07-31,10077.099609375,32514.939453125,103.427001953125,282.95001220703125,25.709999084472656,,11.899999618530273
2017-08-01,10114.650390625,32575.169921875,103.73899841308594,282.9700012207031,25.656999588012695,,11.90999984741211
2017-08-02,10081.5,32476.740234375,103.77799987792969,281.92999267578125,25.609500885009766,,11.9399995803833
2017-08-03,10013.650390625,32237.880859375,103.06900024414062,281.6099853515625,25.54599952697754,,11.640000343322754
2017-08-04,10066.400390625,32325.41015625,103.74700164794922,285.4700012207031,25.809999465942383,,11.390000343322754
2017-08-07,10057.400390625,32273.669921875,103.5,289.5799865722656,25.553499221801758,,11.899999618530273
2017-08-08,9978.5498046875,32014.189453125,102.91200256347656,285.6600036621094,25.587499618530273,,12.770000457763672
2017-08-09,9908.0498046875,31797.83984375,102.0770034790039,281.7099914550781,25.771499633789062,,13.449999809265137
2017-08-10,9820.25,31531.330078125,100.67500305175781,273.05999755859375,25.963499069213867,,13.800000190734863
2017-08-11,9710.7998046875,31213.58984375,99.77799987792969,272.5799865722656,26.2189998626709,,15.199999809265137
2017-08-14,9794.150390625,31449.029296875,100.93499755859375,278.2900085449219,26.033000946044922,,14.380000114440918
2017-08-16,9897.2998046875,31770.890625,102.08399963378906,280.9800109863281,25.7814998626709,,14.239999771118164
2017-08-17,9904.150390625,31795.4609375,102.16000366210938,280.6600036621094,26.145000457763672,,14.34000015258789
2017-08-18,9837.400390625,31524.6796875,101.60800170898438,280.0299987792969,26.23200035095215,,14.569999694824219
2017-08-21,9754.349609375,31258.849609375,100.59700012207031,276.6099853515625,26.012500762939453,,14.819999694824219
2017-08-22,9765.5498046875,31291.849609375,100.7490005493164,275.0400085449219,25.96500015258789,,14.109999656677246
2017-08-23,9852.5,31568.009765625,101.53099822998047,278.17999267578125,25.992000579833984,,13.180000305175781
2017-08-24,9857.0498046875,31596.060546875,101.75900268554688,281.5199890136719,26.006999969482422,,12.569999694824219
2017-08-28,9912.7998046875,31750.8203125,102.27799987792969,282.8299865722656,26.292499542236328,,12.640000343322754
2017-08-29,9796.0498046875,31388.390625,101.06900024414062,280.1099853515625,26.827499389648438,,13.539999961853027
2017-08-30,9884.400390625,31646.4609375,101.8740005493164,284.5899963378906,26.625,,12.890000343322754
2017-08-31,9917.900390625,31730.490234375,102.15299987792969,285.05999755859375,26.525999069213867,,11.949999809265137
2017-09-01,9974.400390625,31892.23046875,102.85600280761719,287.7799987792969,26.818500518798828,,11.680000305175781
2017-09-04,9912.849609375,31702.25,102.06800079345703,286.9800109863281,27.128000259399414,,13.170000076293945
2017-09-05,9952.2001953125,31809.55078125,102.45899963378906,288.3500061035156,27.047500610351562,,12.890000343322754
2017-09-06,9916.2001953125,31661.970703125,102.13300323486328,288.739990234375,27.2814998626709,,13.119999885559082
2017-09-07,9929.900390625,31662.740234375,102.35199737548828,290.17999267578125,27.16950035095215,,13.010000228881836
2017-09-08,9934.7998046875,31687.51953125,102.27999877929688,288.2799987792969,27.31599998474121,,12.960000038146973
2017-09-11,10006.0498046875,31882.16015625,103.052001953125,291.5799865722656,27.08650016784668,,12.359999656677246
2017-09-12,10093.0498046875,32158.66015625,103.75599670410156,293.4100036621094,26.947500228881836,,11.760000228881836
2017-09-13,10079.2998046875,32186.41015625,103.5989990234375,291.7900085449219,27.070499420166016,,11.760000228881836
2017-09-14,10086.599609375,32241.9296875,103.76399993896484,292.6199951171875,26.90049934387207,,11.470000267028809
2017-09-15,10085.400390625,32272.609375,103.75700378417969,292.9100036621094,26.98349952697754,,11.680000305175781
2017-09-18,10153.099609375,32423.759765625,104.51300048828125,293.3599853515625,26.759000778198242,,11.4399995803833
2017-09-19,10147.5498046875,32402.369140625,104.47200012207031,295.04998779296875,26.736000061035156,,11.470000267028809
2017-09-20,10141.150390625,32400.509765625,104.43800354003906,294.20001220703125,26.850000381469727,,11.630000114440918
2017-09-21,10121.900390625,32370.0390625,104.00900268554688,291.20001220703125,26.704999923706055,,11.630000114440918
2017-09-22,9964.400390625,31922.439453125,102.5530014038086,285.1400146484375,26.721500396728516,,12.8100004196167
2017-09-25,9872.599609375,31626.630859375,101.69499969482422,280.760009765625,26.75950050354004,,13.34000015258789
2017-09-26,9871.5,31599.759765625,101.39299774169922,281.55999755859375,27.058000564575195,,12.930000305175781
2017-09-27,9735.75,31159.810546875,100.62200164794922,276.20001220703125,26.868999481201172,,13.859999656677246
2017-09-28,9768.9501953125,31282.48046875,101.00499725341797,276.44000244140625,26.719499588012695,,13.170000076293945
2017-09-29,9788.599609375,31283.720703125,100.99800109863281,279.1300048828125,26.662500381469727,,12.489999771118164
2017-10-03,9859.5,31497.380859375,101.50299835205078,283.82000732421875,26.583499908447266,,12.460000038146973
2017-10-04,9914.900390625,31671.7109375,102.06900024414062,283.8299865722656,26.531999588012695,,11.800000190734863
2017-10-05,9888.7001953125,31592.029296875,101.86499786376953,284.05999755859375,26.476999282836914,,11.710000038146973
2017-10-06,9979.7001953125,31814.220703125,103.0780029296875,286.7099914550781,26.409000396728516,,11.119999885559082
2017-10-09,9988.75,31846.890625,103.08399963378906,285.989990234375,26.69300079345703,,11.390000343322754
2017-10-10,10016.9501953125,31924.41015625,103.2040023803711,287.489990234375,26.76300048828125,,11.109999656677246
2017-10-11,9984.7998046875,31833.990234375,102.77100372314453,285.9700012207031,26.84149932861328,,11.729999542236328
2017-10-12,10096.400390625,32182.220703125,103.86799621582031,289.2699890136719,26.95050048828125,,11.039999961853027
2017-10-13,10167.4501953125,32432.689453125,104.9729995727539,290.3500061035156,26.965499877929688,,11.260000228881836
2017-10-16,10230.849609375,32633.640625,105.59600067138672,291.42999267578125,26.89349937438965,,11.3100004196167
2017-10-17,10234.4501953125,32609.16015625,105.53700256347656,291.8399963378906,26.79050064086914,,11.609999656677246
2017-10-18,10210.849609375,32584.349609375,105.3949966430664,291.42999267578125,26.603500366210938,,11.539999961853027
2017-10-19,10146.5498046875,32389.9609375,104.697998046875,291.94000244140625,26.87350082397461,,12.399999618530273
2017-10-23,10184.849609375,32506.720703125,105.16400146484375,291.1199951171875,26.554500579833984,,12.329999923706055
2017-10-24,10207.7001953125,32607.33984375,104.927001953125,291.7099914550781,26.51650047302246,,11.59000015258789
2017-10-25,10295.349609375,33042.5,105.947998046875,294.3800048828125,26.467500686645508,,11.760000228881836
2017-10-26,10343.7998046875,33147.12890625,106.38099670410156,296.80999755859375,26.431499481201172,,11.619999885559082
2017-10-27,10323.0498046875,33157.21875,106.2020034790039,298.54998779296875,26.276500701904297,,11.479999542236328
2017-10-30,10363.650390625,33266.16015625,106.9489974975586,301.45001220703125,26.27899932861328,,12.109999656677246
2017-10-31,10335.2998046875,33213.12890625,106.51699829101562,300.70001220703125,26.37150001525879,,12.4399995803833
2017-11-01,10440.5,33600.26953125,107.46099853515625,304.8999938964844,26.335500717163086,,12.140000343322754
2017-11-02,10423.7998046875,33573.21875,107.43299865722656,305.9100036621094,26.279499053955078,,12.010000228881836
2017-11-03,10452.5,33685.55859375,107.66600036621094,306.1199951171875,26.270999908447266,,11.90999984741211
2017-11-06,10451.7998046875,33731.19140625,107.66899871826172,307.9800109863281,26.15049934387207,,13.020000457763672
2017-11-07,10350.150390625,33370.76171875,106.86199951171875,302.92999267578125,26.390499114990234,,13.239999771118164
2017-11-08,10303.150390625,33218.80859375,106.30899810791016,299.5899963378906,26.416500091552734,,13.609999656677246
2017-11-09,10308.9501953125,33250.9296875,106.15599822998047,301.9800109863281,26.437000274658203,,13.270000457763672
2017-11-10,10321.75,33314.55859375,106.26100158691406,302.6700134277344,26.529499053955078,,13.479999542236328
2017-11-13,10224.9501953125,33033.55859375,105.60800170898438,300.8999938964844,26.50749969482422,,14.050000190734863
2017-11-14,10186.599609375,32941.87109375,105.2040023803711,299.9800109863281,26.431499481201172,,14.170000076293945
2017-11-15,10118.0498046875,32760.439453125,104.46600341796875,296.0199890136719,26.576000213623047,,14.270000457763672
2017-11-16,10214.75,33106.8203125,105.22899627685547,299.1400146484375,26.412500381469727,,13.460000038146973
2017-11-17,10283.599609375,33342.80078125,105.89199829101562,303.3500061035156,26.464500427246094,,13.710000038146973
2017-11-20,10298.75,33359.8984375,106.18299865722656,303.8399963378906,26.676000595092773,,13.430000305175781
2017-11-21,10326.900390625,33478.3515625,106.38300323486328,303.7699890136719,26.44499969482422,,13.720000267028809
2017-11-22,10342.2998046875,33561.55078125,106.46199798583984,303.0199890136719,26.45949935913086,,14.039999961853027
2017-11-23,10348.75,33588.078125,106.58100128173828,304.05999755859375,26.499000549316406,,13.869999885559082
2017-11-24,10389.7001953125,33679.23828125,106.94599914550781,304.6099853515625,26.534000396728516,,13.510000228881836
2017-11-27,10399.5498046875,33724.44140625,106.98500061035156,305.32000732421875,26.493499755859375,,13.029999732971191
2017-11-28,10370.25,33618.58984375,106.84100341796875,305.5,26.482500076293945,,13.149999618530273
2017-11-29,10361.2998046875,33602.76171875,106.78199768066406,304.9800109863281,26.5,,13.0600004196167
2017-11-30,10226.5498046875,33149.3515625,105.74600219726562,303.6300048828125,26.300500869750977,,13.550000190734863
2017-12-01,10121.7998046875,32832.94140625,104.61499786376953,300.8800048828125,26.24650001525879,,14.800000190734863
2017-12-04,10127.75,32869.71875,104.69499969482422,300.1400146484375,26.118499755859375,,14.859999656677246
2017-12-05,10118.25,32802.44140625,104.5999984741211,300.3399963378906,26.173999786376953,,15.010000228881836
2017-12-06,10044.099609375,32597.1796875,103.77200317382812,298.239990234375,26.056499481201172,,15.09000015258789
2017-12-07,10166.7001953125,32949.2109375,105.10600280761719,303.04998779296875,25.88949966430664,,14.270000457763672
2017-12-08,10265.650390625,33250.30078125,106.0459976196289,304.7699890136719,25.631999969482422,,13.670000076293945
2017-12-11,10322.25,33455.7890625,106.29299926757812,306.1300048828125,25.64550018310547,,14.149999618530273
2017-12-12,10240.150390625,33227.98828125,105.5979995727539,303.7200012207031,25.63800048828125,,15.260000228881836
2017-12-13,10192.9501953125,33053.0390625,105.20700073242188,299.6199951171875,25.53499984741211,,15.949999809265137
2017-12-14,10252.099609375,33246.69921875,105.4020004272461,300.2200012207031,25.745500564575195,,16.40999984741211
2017-12-15,10333.25,33462.96875,106.37100219726562,302.30999755859375,25.643999099731445,,14.9399995803833
2017-12-18,10388.75,33601.6796875,106.9260025024414,304.94000244140625,25.63249969482422,,13.119999885559082
2017-12-19,10463.2001953125,33836.73828125,107.78199768066406,309.0899963378906,25.721500396728516,,12.1899995803833
2017-12-20,10444.2001953125,33777.37890625,107.51300048828125,309.8800048828125,25.739999771118164,,12.1899995803833
2017-12-21,10440.2998046875,33756.28125,107.4489974975586,311.6000061035156,25.754499435424805,,12.09000015258789
2017-12-22,10493.0,33940.30078125,107.93599700927734,313.1600036621094,25.79450035095215,,11.59000015258789
2017-12-26,10531.5,34010.609375,108.28099822998047,314.6400146484375,26.003000259399414,,12.050000190734863
2017-12-27,10490.75,33911.80859375,108.23699951171875,313.20001220703125,26.16550064086914,,12.489999771118164
2017-12-28,10477.900390625,33848.03125,107.98799896240234,312.45001220703125,26.372499465942383,,12.300000190734863
2017-12-29,10530.7001953125,34056.828125,108.447998046875,314.30999755859375,26.26799964904785,,12.670000076293945
2018-01-01,10530.7001953125,33812.75,107.81400299072266,315.5,26.43600082397461,,13.350000381469727
2018-01-02,10442.2001953125,33812.26171875,107.46099853515625,313.1600036621094,26.46150016784668,,13.6899995803833
2018-01-03,10443.2001953125,33793.37890625,107.62899780273438,314.54998779296875,26.46299934387207,,13.619999885559082
2018-01-04,10504.7998046875,33969.640625,108.1760025024414,318.8399963378906,26.39699935913086,,13.420000076293945
2018-01-05,10558.849609375,34153.8515625,108.72000122070312,322.25,26.43950080871582,,13.109999656677246
2018-01-08,10623.599609375,34352.7890625,109.24600219726562,324.5899963378906,26.470500946044922,,13.739999771118164
2018-01-09,10637.0,34443.19140625,109.49099731445312,324.0400085449219,26.538999557495117,,13.850000381469727
2018-01-10,10632.2001953125,34433.0703125,109.90699768066406,322.6300048828125,26.519500732421875,,14.039999961853027
2018-01-11,10651.2001953125,34503.48828125,110.02899932861328,321.3599853515625,26.618000030517578,,14.010000228881836
2018-01-12,10681.25,34592.390625,110.26899719238281,321.8299865722656,26.782499313354492,,13.729999542236328
2018-01-15,10741.5498046875,34843.51171875,110.9020004272461,322.7699890136719,26.948999404907227,,14.3100004196167
2018-01-16,10700.4501953125,34771.05078125,110.37899780273438,317.489990234375,27.05150032043457,,14.09000015258789
2018-01-17,10788.5498046875,35081.8203125,111.04900360107422,319.239990234375,27.01449966430664,,13.859999656677246
2018-01-18,10817.0,35260.2890625,111.53800201416016,314.0299987792969,26.82900047302246,,13.960000038146973
2018-01-19,10894.7001953125,35511.578125,112.18399810791016,315.95001220703125,26.94700050354004,,13.979999542236328
2018-01-22,10966.2001953125,35798.01171875,112.87899780273438,320.1099853515625,26.900999069213867,,15.390000343322754
2018-01-23,11083.7001953125,36139.98046875,114.18900299072266,321.5400085449219,26.995500564575195,,16.229999542236328
2018-01-24,11086.0,36161.640625,114.19499969482422,320.0,27.134000778198242,,18.040000915527344
2018-01-25,11069.650390625,36050.44140625,113.93099975585938,316.3500061035156,27.33300018310547,,17.510000228881836
2018-01-29,11130.400390625,36283.25,114.62699890136719,314.2099914550781,27.14550018310547,,17.889999389648438
2018-01-30,11049.650390625,36033.73046875,113.71399688720703,312.010009765625,27.147499084472656,,16.420000076293945
2018-01-31,11027.7001953125,35965.01953125,113.54399871826172,309.5899963378906,27.089000701904297,,15.930000305175781
2018-02-01,11016.900390625,35906.66015625,113.50299835205078,309.9700012207031,27.142499923706055,,14.109999656677246
2018-02-02,10760.599609375,35066.75,111.2490005493164,302.80999755859375,27.354999542236328,,15.25
2018-02-05,10666.5498046875,34757.16015625,110.29399871826172,300.7799987792969,27.184499740600586,,16.049999237060547
2018-02-06,10498.25,34195.94140625,108.73500061035156,297.07000732421875,27.36549949645996,,20.020000457763672
2018-02-07,10476.7001953125,34082.7109375,108.38500213623047,299.75,27.100500106811523,,19.469999313354492
2018-02-08,10576.849609375,34413.16015625,109.49400329589844,304.25,26.78350067138672,,17.770000457763672
2018-02-09,10454.9501953125,34005.76171875,108.23200225830078,302.1499938964844,26.941499710083008,,19.229999542236328
2018-02-12,10539.75,34300.46875,109.13500213623047,307.7099914550781,27.0,,17.8799991607666
2018-02-14,10500.900390625,34155.94921875,108.65299987792969,306.95001220703125,27.131000518798828,,17.18000030517578
2018-02-15,10545.5,34297.46875,109.21499633789062,305.0400085449219,27.47249984741211,,16.31999969482422
2018-02-16,10452.2998046875,34010.76171875,108.26899719238281,301.3399963378906,27.634000778198242,,16.3799991607666
2018-02-19,10378.400390625,33774.66015625,107.41000366210938,298.260009765625,27.568500518798828,,16.670000076293945
2018-02-20,10360.400390625,33703.58984375,107.1760025024414,299.3399963378906,27.503000259399414,,16.8700008392334
2018-02-21,10397.4501953125,33844.859375,107.65599822998047,297.8800048828125,27.31450080871582,,15.920000076293945
2018-02-22,10382.7001953125,33819.5,107.46299743652344,295.70001220703125,27.292499542236328,,14.829999923706055
2018-02-23,10491.0498046875,34142.1484375,108.46800231933594,300.510009765625,27.315000534057617,,14.199999809265137
2018-02-26,10582.599609375,34445.75,109.35600280761719,301.760009765625,27.46150016784668,,13.699999809265137
2018-02-27,10554.2998046875,34346.390625,108.99400329589844,301.5,27.433500289916992,,13.920000076293945
2018-02-28,10492.849609375,34184.0390625,108.66999816894531,300.1300048828125,27.302499771118164,,13.8100004196167
2018-03-01,10458.349609375,34046.94140625,108.11900329589844,298.760009765625,27.184999465942383,,14.069999694824219
2018-03-05,10358.849609375,33746.78125,107.17400360107422,295.760009765625,27.399999618530273,,15.399999618530273
2018-03-06,10249.25,33317.19921875,106.09400177001953,292.6700134277344,27.298999786376953,,16.25
2018-03-07,10154.2001953125,33033.08984375,105.06700134277344,289.489990234375,27.440500259399414,,15.699999809265137
2018-03-08,10242.650390625,33351.5703125,105.95899963378906,289.04998779296875,27.34749984741211,,14.59000015258789
2018-03-09,10226.849609375,33307.140625,105.90399932861328,289.260009765625,27.25200080871582,,14.529999732971191
2018-03-12,10421.400390625,33917.94140625,107.98899841308594,291.4100036621094,27.202499389648438,,14.489999771118164
2018-03-13,10426.849609375,33856.78125,107.91500091552734,294.69000244140625,27.1560001373291,,14.460000038146973
2018-03-14,10410.900390625,33835.73828125,107.81900024414062,295.9100036621094,27.25950050354004,,14.359999656677246
2018-03-15,10360.150390625,33685.5390625,107.25700378417969,296.0400085449219,27.203500747680664,,14.329999923706055
2018-03-16,10195.150390625,33176.0,105.6780014038086,293.0299987792969,27.165000915527344,,15.220000267028809
2018-03-19,10094.25,32923.12109375,104.7699966430664,288.6300048828125,27.035499572753906,,15.819999694824219
2018-03-20,10124.349609375,32996.76171875,104.64700317382812,290.57000732421875,27.158000946044922,,15.609999656677246
2018-03-21,10155.25,33136.1796875,104.90499877929688,290.2699890136719,27.173999786376953,,15.109999656677246
2018-03-22,10114.75,33006.26953125,104.5790023803711,289.8599853515625,27.35099983215332,,15.25
2018-03-23,9998.0498046875,32596.5390625,103.6780014038086,288.1099853515625,27.524999618530273,,15.550000190734863
2018-03-26,10130.650390625,33066.41015625,104.70500183105469,290.7099914550781,27.54400062561035,,15.199999809265137
2018-03-27,10184.150390625,33174.390625,105.18399810791016,294.1199951171875,27.590499877929688,,15.550000190734863
2018-03-28,10113.7001953125,32968.6796875,104.92500305175781,293.8800048828125,27.45800018310547,,15.760000228881836
2018-04-02,10211.7998046875,33255.359375,105.81199645996094,298.2900085449219,27.452499389648438,,15.350000381469727
2018-04-03,10245.0,33370.62890625,106.2699966430664,300.69000244140625,27.51449966430664,,15.1899995803833
2018-04-04,10128.400390625,33019.0703125,104.9520034790039,297.67999267578125,27.722000122070312,,16.34000015258789
2018-04-05,10325.150390625,33596.80078125,106.9010009765625,302.4800109863281,27.331499099731445,,14.800000190734863
2018-04-06,10331.599609375,33626.96875,106.86900329589844,305.5899963378906,27.23150062561035,,14.75
2018-04-09,10379.349609375,33788.5390625,107.35800170898438,307.0299987792969,27.375499725341797,,14.869999885559082
2018-04-10,10402.25,33880.25,107.6050033569336,307.0299987792969,27.527999877929688,,14.5
2018-04-11,10417.150390625,33940.44140625,107.84400177001953,307.2300109863281,27.765499114990234,,14.720000267028809
2018-04-12,10458.650390625,34101.12890625,108.4000015258789,306.510009765625,27.858999252319336,,14.5600004196167
2018-04-13,10480.599609375,34192.6484375,108.4749984741211,306.7900085449219,27.70050048828125,,14.140000343322754
2018-04-16,10528.349609375,34305.4296875,108.93699645996094,308.1099853515625,27.977500915527344,,14.260000228881836
2018-04-17,10548.7001953125,34395.05859375,108.91100311279297,308.7799987792969,28.016000747680664,,14.039999961853027
2018-04-18,10526.2001953125,34331.6796875,108.68000030517578,307.9200134277344,28.170499801635742,,14.109999656677246
2018-04-19,10565.2998046875,34427.2890625,109.1520004272461,309.6300048828125,28.106000900268555,,13.75
2018-04-20,10564.0498046875,34415.578125,109.00399780273438,307.6099853515625,28.047000885009766,,12.9399995803833
2018-04-23,10584.7001953125,34450.76953125,109.47200012207031,309.07000732421875,28.01300048828125,,13.149999618530273
2018-04-24,10614.349609375,34616.640625,109.7750015258789,309.9100036621094,27.906999588012695,,11.899999618530273
2018-04-25,10570.5498046875,34501.26953125,109.27899932861328,310.9599914550781,28.029499053955078,,12.399999618530273
2018-04-26,10617.7998046875,34713.6015625,109.85900115966797,309.44000244140625,27.95549964904785,,12.039999961853027
2018-04-27,10692.2998046875,34969.69921875,110.5530014038086,310.80999755859375,27.900999069213867,,12.020000457763672
2018-04-30,10739.349609375,35160.359375,111.16799926757812,313.79998779296875,27.749000549316406,,12.359999656677246
2018-05-02,10718.0498046875,35176.421875,110.77100372314453,309.7699890136719,27.704500198364258,,12.84000015258789
2018-05-03,10679.650390625,35103.140625,110.52899932861328,306.1400146484375,27.667499542236328,,12.989999771118164
2018-05-04,10618.25,34915.37890625,110.01899719238281,304.1199951171875,27.749500274658203,,13.25
2018-05-07,10715.5,35208.140625,110.72200012207031,305.3399963378906,27.91200065612793,,13.760000228881836
2018-05-08,10717.7998046875,35216.3203125,110.83799743652344,305.4200134277344,27.78849983215332,,14.0600004196167
2018-05-09,10741.7001953125,35319.3515625,111.2229995727539,303.57000732421875,27.844999313354492,,14.270000457763672
2018-05-10,10716.5498046875,35246.26953125,110.79399871826172,299.9599914550781,28.13599967956543,,14.430000305175781
2018-05-11,10806.5,35535.7890625,111.60600280761719,299.7900085449219,28.16950035095215,,13.979999542236328
2018-05-14,10806.599609375,35556.7109375,111.68900299072266,298.6199951171875,28.17300033569336,,14.25
2018-05-15,10801.849609375,35543.94140625,111.71700286865234,296.57000732421875,28.070499420166016,,13.170000076293945
2018-05-16,10741.099609375,35387.87890625,111.19300079345703,297.4800109863281,27.66900062561035,,13.4399995803833
2018-05-17,10682.7001953125,35149.12109375,110.63099670410156,297.7900085449219,27.56100082397461,,13.40999984741211
2018-05-18,10596.400390625,34848.30078125,109.6050033569336,292.9100036621094,27.70400047302246,,14.149999618530273
2018-05-21,10516.7001953125,34616.12890625,109.04900360107422,288.57000732421875,27.61199951171875,,14.40999984741211
2018-05-22,10536.7001953125,34651.23828125,109.28099822998047,292.3800048828125,27.77400016784668,,13.600000381469727
2018-05-23,10430.349609375,34344.91015625,107.86399841308594,291.0,27.882999420166016,,14.15999984741211
2018-05-24,10513.849609375,34663.109375,108.54199981689453,291.4100036621094,27.908000946044922,,13.149999618530273
2018-05-25,10605.150390625,34924.87109375,109.81099700927734,294.8900146484375,27.80900001525879,,12.649999618530273
2018-05-28,10688.650390625,35165.48046875,111.0510025024414,301.4200134277344,27.621000289916992,,13.0600004196167
2018-05-29,10633.2998046875,34949.23828125,110.36900329589844,301.5,27.909500122070312,,13.069999694824219
2018-05-30,10614.349609375,34906.109375,110.29900360107422,300.5299987792969,27.743499755859375,,13.40999984741211
2018-05-31,10736.150390625,35322.37890625,111.25,299.4200134277344,27.781999588012695,,13.220000267028809
2018-06-01,10696.2001953125,35227.26171875,110.99199676513672,295.57000732421875,27.64550018310547,,13.569999694824219
2018-06-04,10628.5,35011.890625,110.11599731445312,292.3800048828125,27.52750015258789,,13.880000114440918
2018-06-05,10593.150390625,34903.2109375,110.18499755859375,290.6700134277344,27.428499221801758,,13.319999694824219
2018-06-06,10684.650390625,35178.87890625,110.99600219726562,294.010009765625,27.437000274658203,,12.550000190734863
2018-06-07,10768.349609375,35463.078125,111.78900146484375,298.8299865722656,27.541000366210938,,12.779999732971191
2018-06-08,10767.650390625,35443.671875,111.85199737548828,299.2300109863281,27.719499588012695,,12.699999809265137
2018-06-11,10786.9501953125,35483.46875,112.25199890136719,300.55999755859375,27.56999969482422,,13.180000305175781
2018-06-12,10842.849609375,35692.51953125,112.62699890136719,301.9599914550781,27.537500381469727,,12.729999542236328
2018-06-13,10856.7001953125,35739.16015625,112.56600189208984,302.1499938964844,27.58300018310547,,12.640000343322754
2018-06-14,10808.0498046875,35599.8203125,112.2040023803711,301.3299865722656,27.72599983215332,,12.100000381469727
2018-06-15,10817.7001953125,35622.140625,112.49400329589844,297.7300109863281,27.749500274658203,,12.069999694824219
2018-06-18,10799.849609375,35548.26171875,112.39900207519531,297.7300109863281,27.45199966430664,,12.380000114440918
2018-06-19,10710.4501953125,35286.73828125,111.48100280761719,295.17999267578125,27.550500869750977,,12.920000076293945
2018-06-20,10772.0498046875,35547.328125,111.96499633789062,294.4800109863281,27.40250015258789,,12.170000076293945
2018-06-21,10741.099609375,35432.390625,111.52899932861328,293.8399963378906,27.225000381469727,,12.449999809265137
2018-06-22,10821.849609375,35689.6015625,112.47899627685547,294.80999755859375,27.229999542236328,,12.020000457763672
2018-06-25,10762.4501953125,35470.3515625,111.83499908447266,291.510009765625,27.339000701904297,,12.579999923706055
2018-06-26,10769.150390625,35490.0390625,112.13200378417969,291.6499938964844,27.155000686645508,,12.800000190734863
2018-06-27,10671.400390625,35217.109375,110.7760009765625,287.0,27.31450080871582,,13.510000228881836
2018-06-28,10589.099609375,35037.640625,110.0530014038086,285.29998779296875,27.257999420166016,,13.949999809265137
2018-06-29,10714.2998046875,35423.48046875,111.18800354003906,289.17999267578125,27.13050079345703,,12.9399995803833
2018-07-02,10657.2998046875,35264.41015625,110.99700164794922,286.95001220703125,27.144500732421875,,13.369999885559082
2018-07-03,10699.900390625,35378.6015625,111.40399932861328,287.989990234375,27.201000213623047,,13.0
2018-07-04,10769.900390625,35645.3984375,111.875,287.54998779296875,27.25200080871582,,12.65999984741211
2018-07-05,10749.75,35574.55078125,111.91300201416016,287.0799865722656,27.256000518798828,,12.579999923706055
2018-07-06,10772.650390625,35657.859375,112.302001953125,288.8500061035156,27.326499938964844,,12.4399995803833
2018-07-09,10852.900390625,35934.71875,112.85399627685547,290.7300109863281,27.35650062561035,,12.390000343322754
2018-07-10,10947.25,36239.62109375,113.72699737548828,292.3500061035156,27.23699951171875,,12.399999618530273
2018-07-11,10948.2998046875,36265.9296875,113.72599792480469,290.9100036621094,27.211999893188477,,12.779999732971191
2018-07-12,11023.2001953125,36548.41015625,114.49500274658203,290.95001220703125,26.957500457763672,,12.510000228881836
2018-07-13,11018.900390625,36541.62890625,114.63200378417969,288.67999267578125,26.863500595092773,,12.300000190734863
2018-07-16,10936.849609375,36323.76953125,113.98300170898438,283.19000244140625,27.00149917602539,,12.949999809265137
2018-07-17,11008.0498046875,36519.9609375,114.48500061035156,286.2799987792969,26.865999221801758,,12.829999923706055
2018-07-18,10980.4501953125,36373.44140625,114.11799621582031,283.20001220703125,26.56800079345703,,13.680000305175781
2018-07-19,10957.099609375,36351.23046875,114.12100219726562,281.45001220703125,26.602500915527344,,13.59000015258789
2018-07-20,11010.2001953125,36496.37109375,114.93000030517578,281.44000244140625,26.642000198364258,,13.539999961853027
2018-07-23,11084.75,36718.6015625,115.33999633789062,288.05999755859375,26.827999114990234,,13.010000228881836
2018-07-24,11134.2998046875,36825.1015625,115.71199798583984,295.260009765625,26.73150062561035,,12.470000267028809
2018-07-25,11132.0,36858.23046875,115.91899871826172,294.8500061035156,26.750999450683594,,12.210000038146973
2018-07-26,11167.2998046875,36984.640625,116.15799713134766,297.8900146484375,26.666000366210938,,12.029999732971191
2018-07-27,11278.349609375,37336.8515625,117.322998046875,299.67999267578125,26.54050064086914,,12.3100004196167
2018-07-30,11319.5498046875,37494.3984375,117.74199676513672,302.70001220703125,26.603500366210938,,12.59000015258789
2018-07-31,11356.5,37606.578125,118.25,303.2900085449219,26.503999710083008,,12.479999542236328
2018-08-01,11346.2001953125,37521.62109375,118.1240005493164,305.6499938964844,26.520999908447266,,12.529999732971191
2018-08-02,11244.7001953125,37165.16015625,117.42900085449219,305.0899963378906,26.44849967956543,,12.5600004196167
2018-08-03,11360.7998046875,37556.16015625,118.61900329589844,306.92999267578125,26.340999603271484,,12.079999923706055
2018-08-06,11387.099609375,37691.890625,118.73500061035156,307.42999267578125,26.359500885009766,,12.5600004196167
2018-08-07,11389.4501953125,37665.80078125,118.73899841308594,306.17999267578125,26.38450050354004,,12.579999923706055
2018-08-08,11450.0,37887.55859375,119.1709976196289,308.05999755859375,26.344499588012695,,12.539999961853027
2018-08-09,11470.7001953125,38024.37109375,119.31099700927734,308.0899963378906,26.331499099731445,,12.680000305175781
2018-08-10,11429.5,37869.23046875,118.9800033569336,307.0400085449219,26.37299919128418,,12.850000381469727
2018-08-13,11355.75,37644.8984375,118.2249984741211,303.17999267578125,26.56399917602539,,13.399999618530273
2018-08-14,11435.099609375,37852.0,119.13400268554688,305.2900085449219,26.440000534057617,,13.279999732971191
2018-08-16,11385.0498046875,37663.55859375,118.75299835205078,303.0,26.288999557495117,,13.649999618530273
2018-08-17,11470.75,37947.87890625,119.78199768066406,307.2900085449219,26.21150016784668,,13.15999984741211
2018-08-20,11551.75,38278.75,120.27300262451172,311.2799987792969,26.21649932861328,,13.029999732971191
2018-08-21,11570.900390625,38285.75,120.69100189208984,312.6000061035156,26.38249969482422,,12.899999618530273
2018-08-23,11582.75,38336.76171875,120.83799743652344,314.42999267578125,26.35099983215332,,12.760000228881836
2018-08-24,11557.099609375,38251.80078125,120.60600280761719,314.07000732421875,26.420000076293945,,12.40999984741211
2018-08-27,11691.9501953125,38694.109375,121.79299926757812,316.69000244140625,26.688499450683594,,12.239999771118164
2018-08-28,11738.5,38896.62890625,122.18900299072266,315.55999755859375,26.940500259399414,,12.430000305175781
2018-08-29,11691.900390625,38722.9296875,121.99600219726562,318.5799865722656,26.903499603271484,,12.4399995803833
2018-08-30,11676.7998046875,38690.1015625,121.70800018310547,318.3999938964844,26.983999252319336,,12.40999984741211
2018-08-31,11680.5,38645.0703125,121.9000015258789,321.0899963378906,27.047500610351562,,12.600000381469727
2018-09-03,11582.349609375,38312.51953125,120.76499938964844,319.1000061035156,26.88249969482422,,13.390000343322754
2018-09-04,11520.2998046875,38157.921875,120.4209976196289,308.8500061035156,26.93400001525879,,13.779999732971191
2018-09-05,11476.9501953125,38018.30859375,119.89700317382812,306.8800048828125,26.988500595092773,,13.649999618530273
2018-09-06,11536.900390625,38242.80859375,120.27999877929688,309.6000061035156,27.24449920654297,,13.720000267028809
2018-09-07,11589.099609375,38389.8203125,121.05899810791016,312.19000244140625,27.09149932861328,,13.890000343322754
2018-09-10,11438.099609375,37922.171875,119.64900207519531,308.19000244140625,27.183000564575195,,15.199999809265137
2018-09-11,11287.5,37413.12890625,117.9469985961914,302.239990234375,27.297500610351562,,15.329999923706055
2018-09-12,11369.900390625,37717.9609375,118.74800109863281,303.0899963378906,27.2810001373291,,14.25
2018-09-14,11515.2001953125,38090.640625,120.02100372314453,307.57000732421875,27.18549919128418,,13.84000015258789
2018-09-17,11377.75,37585.51171875,118.96099853515625,306.4700012207031,27.316499710083008,,14.5
2018-09-18,11278.900390625,37290.671875,117.9729995727539,301.9800109863281,27.464000701904297,,14.420000076293945
2018-09-19,11234.349609375,37121.21875,117.61000061035156,300.5299987792969,27.49850082397461,,14.010000228881836
2018-09-21,11143.099609375,36841.6015625,116.5,294.95001220703125,27.398000717163086,,15.539999961853027
2018-09-24,10967.400390625,36305.01953125,114.7969970703125,285.92999267578125,27.3439998626709,,17.43000030517578
2018-09-25,11067.4501953125,36652.05859375,115.76100158691406,288.0,27.347999572753906,,16.68000030517578
2018-09-26,11053.7998046875,36542.26953125,115.5999984741211,289.1000061035156,27.296499252319336,,17.09000015258789
2018-09-27,10977.5498046875,36324.171875,114.6449966430664,285.5299987792969,27.24850082397461,,16.920000076293945
2018-09-28,10930.4501953125,36227.140625,114.13999938964844,280.8999938964844,27.027999877929688,,17.0
2018-10-01,11008.2998046875,36526.140625,114.95500183105469,280.80999755859375,27.16699981689453,,16.84000015258789
2018-10-03,10858.25,35975.62890625,113.61499786376953,277.739990234375,27.993499755859375,,18.1200008392334
2018-10-04,10599.25,35169.16015625,110.7959976196289,273.30999755859375,27.787500381469727,,18.920000076293945
2018-10-05,10316.4501953125,34376.98828125,107.98300170898438,266.5199890136719,27.881500244140625,,19.729999542236328
2018-10-08,10348.0498046875,34474.37890625,108.05000305175781,263.9200134277344,27.736000061035156,,20.149999618530273
2018-10-09,10301.0498046875,34299.46875,107.77899932861328,262.92999267578125,27.661500930786133,,19.760000228881836
2018-10-10,10460.099609375,34760.890625,109.47000122070312,270.5400085449219,27.72450065612793,,17.90999984741211
2018-10-11,10234.650390625,34001.1484375,107.00700378417969,266.0899963378906,27.968000411987305,,20.549999237060547
2018-10-12,10472.5,34733.578125,109.58300018310547,271.5299987792969,28.142000198364258,,18.6299991607666
2018-10-15,10512.5,34865.1015625,109.98500061035156,272.9700012207031,28.50149917602539,,18.889999389648438
2018-10-16,10584.75,35162.48046875,110.61599731445312,276.07000732421875,28.29450035095215,,17.3700008392334
2018-10-17,10453.0498046875,34779.578125,109.31999969482422,270.5199890136719,28.351999282836914,,17.979999542236328
2018-10-19,10303.5498046875,34315.62890625,107.44300079345703,268.4599914550781,28.565500259399414,,19.790000915527344
2018-10-22,10245.25,34134.37890625,107.1500015258789,267.2300109863281,28.357999801635742,,21.360000610351562
2018-10-23,10146.7998046875,33847.23046875,106.21299743652344,264.010009765625,28.491500854492188,,19.040000915527344
2018-10-24,10224.75,34033.9609375,107.04399871826172,265.010009765625,28.350500106811523,,18.8799991607666
2018-10-25,10124.900390625,33690.08984375,106.13099670410156,261.0299987792969,28.368999481201172,,18.959999084472656
2018-10-26,10030.0,33349.30859375,105.01899719238281,261.05999755859375,28.50200080871582,,19.229999542236328
2018-10-29,10250.849609375,34067.3984375,107.16699981689453,267.1000061035156,28.350500106811523,,19.829999923706055
2018-10-30,10198.400390625,33891.12890625,106.87100219726562,268.75,28.240999221801758,,20.5
2018-10-31,10386.599609375,34442.05078125,108.47599792480469,273.04998779296875,28.370500564575195,,19.799999237060547
2018-11-01,10380.4501953125,34431.96875,108.63899993896484,275.1700134277344,28.431499481201172,,19.190000534057617
2018-11-02,10553.0,35011.6484375,110.18299865722656,278.0899963378906,28.204999923706055,,18.229999542236328
2018-11-05,10524.0,34950.921875,110.14800262451172,280.3299865722656,28.44099998474121,,19.479999542236328
2018-11-06,10530.0,34991.91015625,110.21800231933594,279.1099853515625,28.3174991607666,,18.510000228881836
2018-11-07,10598.400390625,35237.6796875,110.98300170898438,280.67999267578125,28.30299949645996,,17.719999313354492
2018-11-09,10585.2001953125,35158.55078125,110.8219985961914,281.8900146484375,28.00749969482422,,17.770000457763672
2018-11-12,10482.2001953125,34812.98828125,109.76399993896484,278.6000061035156,27.70400047302246,,19.3700008392334
2018-11-13,10582.5,35144.48828125,110.78399658203125,279.1400146484375,27.690000534057617,,18.700000762939453
2018-11-14,10576.2998046875,35141.98828125,110.4020004272461,279.54998779296875,27.700000762939453,,18.829999923706055
2018-11-15,10616.7001953125,35260.5390625,110.79399871826172,280.92999267578125,27.614999771118164,,18.450000762939453
2018-11-16,10682.2001953125,35457.16015625,111.49600219726562,282.260009765625,27.511499404907227,,18.350000381469727
2018-11-19,10763.400390625,35774.87890625,112.23999786376953,283.1400146484375,27.533000946044922,,19.260000228881836
2018-11-20,10656.2001953125,35474.51171875,111.52799987792969,280.29998779296875,27.5310001373291,,19.329999923706055
2018-11-21,10600.0498046875,35199.80078125,110.7020034790039,282.2300109863281,27.513500213623047,,19.559999465942383
2018-11-22,10526.75,34981.01953125,110.33799743652344,280.3699951171875,27.50200080871582,,19.15999984741211
2018-11-26,10628.599609375,35354.078125,111.3239974975586,281.6099853515625,27.292999267578125,,20.399999618530273
2018-11-27,10685.599609375,35513.140625,111.60199737548828,280.760009765625,27.24799919128418,,18.31999969482422
2018-11-28,10728.849609375,35716.94921875,111.95899963378906,280.3999938964844,27.010499954223633,,17.959999084472656
2018-11-29,10858.7001953125,36170.41015625,113.552001953125,282.7099914550781,27.111000061035156,,18.700000762939453
2018-11-30,10876.75,36194.30078125,113.50800323486328,284.0899963378906,26.98550033569336,,19.15999984741211
2018-12-03,10883.75,36241.0,113.79900360107422,285.1199951171875,27.263500213623047,,18.219999313354492
2018-12-04,10869.5,36134.30859375,113.61699676513672,284.3699951171875,27.545499801635742,,18.110000610351562
2018-12-05,10782.900390625,35884.41015625,112.64399719238281,279.5299987792969,27.387500762939453,,18.389999389648438
2018-12-06,10601.150390625,35312.12890625,111.01699829101562,276.3299865722656,27.631999969482422,,19.309999465942383
2018-12-07,10693.7001953125,35673.25,111.91799926757812,277.4100036621094,27.526500701904297,,18.59000015258789
2018-12-10,10488.4501953125,34959.71875,109.88300323486328,272.7099914550781,28.10099983215332,,20.440000534057617
2018-12-11,10549.150390625,35150.01171875,110.58499908447266,276.8699951171875,28.18199920654297,,17.950000762939453
2018-12-12,10737.599609375,35779.0703125,112.16899871826172,283.2300109863281,28.045499801635742,,15.8100004196167
2018-12-13,10791.5498046875,35929.640625,112.54900360107422,285.8900146484375,27.933000564575195,,15.550000190734863
2018-12-14,10805.4501953125,35962.9296875,112.6520004272461,286.3999938964844,27.865999221801758,,15.15999984741211
2018-12-17,10888.349609375,36270.0703125,113.63899993896484,288.1400146484375,27.82200050354004,,14.539999961853027
2018-12-18,10908.7001953125,36347.078125,113.91100311279297,290.5899963378906,27.716999053955078,,14.579999923706055
2018-12-19,10967.2998046875,36484.328125,114.54000091552734,294.79998779296875,27.57349967956543,,14.65999984741211
2018-12-20,10951.7001953125,36431.671875,114.5250015258789,293.1000061035156,27.58449935913086,,14.329999923706055
2018-12-21,10754.0,35742.0703125,112.59700012207031,288.4700012207031,27.732500076293945,,15.989999771118164
2018-12-24,10663.5,35470.1484375,111.83699798583984,284.739990234375,27.87700080871582,,15.75
2018-12-26,10729.849609375,35649.94140625,112.38200378417969,286.1099853515625,27.98550033569336,,15.920000076293945
2018-12-27,10779.7998046875,35807.28125,112.98300170898438,286.760009765625,28.045499801635742,,16.06999969482422
2018-12-28,10859.900390625,36076.71875,113.57099914550781,289.3500061035156,28.149499893188477,,15.270000457763672
2018-12-31,10862.5498046875,36068.328125,113.67500305175781,290.7699890136719,28.02050018310547,,16.0
2019-01-01,10862.5498046875,36068.328125,113.98400115966797,289.7099914550781,28.17799949645996,,15.329999923706055
2019-01-02,10792.5,35891.51953125,112.9729995727539,287.45001220703125,28.28849983215332,,16.389999389648438
2019-01-03,10672.25,35513.7109375,111.83499908447266,285.17999267578125,28.470500946044922,,16.790000915527344
2019-01-04,10727.349609375,35695.1015625,112.49099731445312,285.7699890136719,28.29800033569336,,16.15999984741211
2019-01-07,10771.7998046875,35850.16015625,112.56199645996094,285.5,28.22450065612793,,16.299999237060547
2019-01-08,10802.150390625,35980.9296875,112.85700225830078,285.510009765625,28.163999557495117,,15.699999809265137
2019-01-09,10855.150390625,36212.91015625,113.26300048828125,285.6600036621094,28.336000442504883,,15.270000457763672
2019-01-10,10821.599609375,36106.5,113.24800109863281,286.6400146484375,28.57900047302246,,15.350000381469727
2019-01-11,10794.9501953125,36009.83984375,112.68699645996094,285.7300109863281,28.534000396728516,,15.350000381469727
2019-01-14,10737.599609375,35853.55859375,112.16699981689453,283.94000244140625,28.610000610351562,,16.15999984741211
2019-01-15,10886.7998046875,36318.328125,113.5989990234375,285.5299987792969,28.621000289916992,,15.579999923706055
2019-01-16,10890.2998046875,36321.2890625,114.12699890136719,285.9700012207031,28.713499069213867,,16.079999923706055
2019-01-17,10905.2001953125,36374.078125,114.14800262451172,286.010009765625,28.812999725341797,,16.239999771118164
2019-01-18,10906.9501953125,36386.609375,113.83300018310547,282.4800109863281,28.648000717163086,,16.6200008392334
2019-01-21,10961.849609375,36578.9609375,114.47799682617188,282.04998779296875,28.582500457763672,,18.149999618530273
2019-01-22,10922.75,36444.640625,114.06900024414062,282.7200012207031,28.726999282836914,,17.989999771118164
2019-01-23,10831.5,36108.46875,113.31500244140625,281.1600036621094,28.73150062561035,,18.09000015258789
2019-01-24,10849.7998046875,36195.1015625,113.47100067138672,280.6099853515625,28.58650016784668,,17.43000030517578
2019-01-25,10780.5498046875,36025.5390625,112.91899871826172,277.29998779296875,28.66950035095215,,17.690000534057617
2019-01-28,10661.5498046875,35656.69921875,111.78099822998047,271.8800048828125,28.982500076293945,,18.899999618530273
2019-01-29,10652.2001953125,35592.5,111.8010025024414,272.57000732421875,29.16699981689453,,18.43000030517578
2019-01-30,10651.7998046875,35591.25,111.59500122070312,271.4100036621094,29.236000061035156,,17.850000381469727
2019-01-31,10830.9501953125,36256.69140625,113.46900177001953,272.8500061035156,29.348499298095703,,17.1200008392334
2019-02-01,10893.650390625,36469.4296875,113.85700225830078,276.8800048828125,29.467500686645508,,15.720000267028809
2019-02-04,10912.25,36582.73828125,114.3010025024414,274.3800048828125,29.465499877929688,,15.720000267028809
2019-02-05,10934.349609375,36616.80859375,114.71199798583984,272.42999267578125,29.5049991607666,,15.779999732971191
2019-02-06,11062.4501953125,36975.23046875,115.447998046875,274.8900146484375,29.639999389648438,,15.630000114440918
2019-02-07,11069.400390625,36971.08984375,115.697998046875,278.4100036621094,29.29400062561035,,15.4399995803833
2019-02-08,10943.599609375,36546.48046875,114.64399719238281,273.9800109863281,29.214000701904297,,15.569999694824219
2019-02-11,10888.7998046875,36395.03125,114.21499633789062,270.8699951171875,29.301000595092773,,15.84000015258789
2019-02-12,10831.400390625,36153.62109375,113.5790023803711,268.8699951171875,29.20549964904785,,15.75
2019-02-14,10746.0498046875,35876.21875,112.85600280761719,267.54998779296875,29.20549964904785,,15.770000457763672
2019-02-15,10724.400390625,35808.94921875,112.24600219726562,262.9800109863281,29.466999053955078,,16.459999084472656
2019-02-18,10640.9501953125,35498.44140625,111.66899871826172,260.2699890136719,29.69499969482422,,18.0
2019-02-19,10604.349609375,35352.609375,111.3759994506836,261.4599914550781,29.771499633789062,,18.469999313354492
2019-02-20,10735.4501953125,35756.26171875,112.31700134277344,265.45001220703125,29.920499801635742,,17.059999465942383
2019-02-21,10789.849609375,35898.3515625,112.76699829101562,267.05999755859375,29.68600082397461,,16.049999237060547
2019-02-22,10791.650390625,35871.48046875,112.89700317382812,268.7900085449219,29.5049991607666,,15.449999809265137
2019-02-25,10880.099609375,36213.37890625,113.65399932861328,270.3800048828125,29.569000244140625,,15.359999656677246
2019-02-26,10835.2998046875,35973.7109375,113.625,270.239990234375,29.536500930786133,,17.110000610351562
2019-02-27,10806.650390625,35905.4296875,112.91400146484375,271.54998779296875,29.59600067138672,,18.899999618530273
2019-02-28,10792.5,35867.44140625,113.36000061035156,273.3999938964844,29.502500534057617,,18.280000686645508
2019-03-01,10863.5,36063.80859375,113.70999908447266,276.8599853515625,29.073999404907227,,16.270000457763672
2019-03-05,10987.4501953125,36442.5390625,114.88899993896484,282.6000061035156,28.475500106811523,,15.65999984741211
2019-03-06,11053.0,36636.1015625,115.58599853515625,284.2699890136719,28.520999908447266,,15.609999656677246
2019-03-07,11058.2001953125,36725.421875,115.7509994506836,283.6600036621094,28.324499130249023,,15.289999961853027
2019-03-08,11035.400390625,36671.4296875,115.81600189208984,282.69000244140625,28.4685001373291,,14.9399995803833
2019-03-11,11168.0498046875,37054.1015625,117.22599792480469,289.7200012207031,28.50200080871582,,14.899999618530273
2019-03-12,11301.2001953125,37535.66015625,118.46700286865234,290.989990234375,28.35849952697754,,15.100000381469727
2019-03-13,11341.7001953125,37752.171875,118.8239974975586,288.45001220703125,28.595500946044922,,15.279999732971191
2019-03-14,11343.25,37754.890625,118.72599792480469,288.4800109863281,28.359500885009766,,15.149999618530273
2019-03-15,11426.849609375,38024.3203125,119.88700103759766,288.260009765625,28.349000930786133,,15.869999885559082
2019-03-18,11462.2001953125,38095.0703125,119.98799896240234,288.6000061035156,28.114500045776367,,16.899999618530273
2019-03-19,11532.400390625,38363.46875,120.73699951171875,289.2099914550781,28.345500946044922,,16.489999771118164
2019-03-20,11521.0498046875,38386.75,120.66500091552734,288.6499938964844,28.132999420166016,,16.030000686645508
2019-03-22,11456.900390625,38164.609375,119.9800033569336,287.0,28.391000747680664,,16.270000457763672
2019-03-25,11354.25,37808.91015625,118.80999755859375,283.3399963378906,28.39349937438965,,16.670000076293945
2019-03-26,11483.25,38233.41015625,120.39299774169922,286.1300048828125,28.34600067138672,,16.489999771118164
2019-03-27,11445.0498046875,38132.87890625,120.10199737548828,285.4800109863281,28.381999969482422,,17.049999237060547
2019-03-28,11570.0,38545.71875,120.97699737548828,289.1600036621094,28.25149917602539,,16.649999618530273
2019-04-01,11669.150390625,38871.87109375,122.08000183105469,291.4800109863281,28.092500686645508,,18.010000228881836
2019-04-02,11713.2001953125,39056.6484375,122.5250015258789,289.57000732421875,27.996000289916992,,18.079999923706055
2019-04-03,11643.9501953125,38877.12109375,122.14800262451172,289.75,27.882999420166016,,18.780000686645508
2019-04-04,11598.0,38684.71875,121.81300354003906,288.6700134277344,28.039499282836914,,18.649999618530273
2019-04-05,11665.9501953125,38862.23046875,122.49800109863281,289.2900085449219,28.03499984741211,,18.389999389648438
2019-04-08,11604.5,38700.53125,121.9530029296875,289.32000732421875,28.297500610351562,,20.149999618530273
2019-04-09,11671.9501953125,38939.21875,122.44499969482422,289.07000732421875,28.2549991607666,,20.280000686645508
2019-04-10,11584.2998046875,38585.3515625,121.65599822998047,289.5299987792969,28.27899932861328,,21.1299991607666
2019-04-11,11596.7001953125,38607.01171875,121.69400024414062,290.07000732421875,28.21649932861328,,20.959999084472656
2019-04-12,11643.4501953125,38767.109375,122.41400146484375,290.7799987792969,28.173999786376953,,21.0
2019-04-15,11690.349609375,38905.83984375,122.87899780273438,292.32000732421875,28.019500732421875,,21.389999389648438
2019-04-16,11787.150390625,39275.640625,123.75299835205078,294.0400085449219,28.039499282836914,,21.690000534057617
2019-04-18,11752.7998046875,39140.28125,123.4729995727539,292.32000732421875,27.930500030517578,,22.739999771118164
2019-04-22,11594.4501953125,38645.1796875,121.86799621582031,287.7200012207031,28.000499725341797,,24.049999237060547
2019-04-23,11575.9501953125,38564.87890625,121.70099639892578,286.9599914550781,27.96649932861328,,24.649999618530273
2019-04-24,11726.150390625,39054.6796875,122.93599700927734,288.3399963378906,27.957000732421875,,23.709999084472656
2019-04-25,11641.7998046875,38730.859375,122.427001953125,287.95001220703125,28.194499969482422,,23.229999542236328
2019-04-26,11754.650390625,39067.328125,123.39299774169922,288.2300109863281,28.1564998626709,,21.719999313354492
2019-04-30,11748.150390625,39031.55078125,123.40699768066406,285.7799987792969,28.15250015258789,,21.829999923706055
2019-05-02,11724.75,38981.4296875,123.17900085449219,285.55999755859375,27.811500549316406,,22.979999542236328
2019-05-03,11712.25,38963.26171875,122.99099731445312,284.0899963378906,27.7810001373291,,24.030000686645508
2019-05-06,11598.25,38600.33984375,121.83100128173828,279.32000732421875,28.00749969482422,,26.43000030517578
2019-05-07,11497.900390625,38276.62890625,120.89700317382812,278.29998779296875,28.022499084472656,,26.479999542236328
2019-05-08,11359.4501953125,37789.12890625,119.53099822998047,275.6199951171875,28.062999725341797,,26.3700008392334
2019-05-09,11301.7998046875,37558.91015625,118.45899963378906,274.80999755859375,28.114999771118164,,25.489999771118164
2019-05-10,11278.900390625,37462.98828125,118.49800109863281,272.94000244140625,28.109500885009766,,26.34000015258789
2019-05-13,11148.2001953125,37090.8203125,117.22000122070312,269.0,28.261499404907227,,27.3799991607666
2019-05-14,11222.0498046875,37318.53125,117.86100006103516,269.2099914550781,28.554000854492188,,27.1299991607666
2019-05-15,11157.0,37114.87890625,117.49800109863281,268.17999267578125,28.570999145507812,,28.65999984741211
2019-05-16,11257.099609375,37393.48046875,118.06400299072266,267.7699890136719,28.36750030517578,,28.3700008392334
2019-05-17,11407.150390625,37930.76953125,119.62899780273438,270.54998779296875,28.26449966430664,,28.079999923706055
2019-05-20,11828.25,39352.671875,123.93000030517578,279.42999267578125,27.895000457763672,,23.68000030517578
2019-05-21,11709.099609375,38969.80078125,123.06800079345703,277.4700012207031,27.92449951171875,,25.649999618530273
2019-05-22,11737.900390625,39110.2109375,123.31300354003906,276.75,27.895000457763672,,27.6299991607666
2019-05-23,11657.0498046875,38811.390625,122.60199737548828,277.3399963378906,28.014999389648438,,19.40999984741211
2019-05-24,11844.099609375,39434.71875,124.552001953125,284.32000732421875,27.99250030517578,,16.469999313354492
2019-05-27,11924.75,39683.2890625,125.03299713134766,285.29998779296875,28.09600067138672,,16.190000534057617
2019-05-28,11928.75,39749.73046875,125.18199920654297,287.05999755859375,28.10099983215332,,15.920000076293945
2019-05-29,11861.099609375,39502.05078125,124.75299835205078,284.7300109863281,28.20199966430664,,16.40999984741211
2019-05-30,11945.900390625,39831.96875,125.47799682617188,285.239990234375,28.040000915527344,,15.609999656677246
2019-05-31,11922.7998046875,39714.19921875,125.2490005493164,286.0,28.381999969482422,,16.06999969482422
2019-06-03,12088.5498046875,40267.62109375,126.7979965209961,288.94000244140625,28.534500122070312,,15.970000267028809
2019-06-04,12021.650390625,40083.5390625,126.58999633789062,287.6600036621094,28.644500732421875,,15.630000114440918
2019-06-06,11843.75,39529.71875,124.6780014038086,282.8699951171875,28.951499938964844,,15.529999732971191
2019-06-07,11870.650390625,39615.8984375,124.89199829101562,282.92999267578125,28.9064998626709,,14.859999656677246
2019-06-10,11922.7001953125,39784.51953125,125.67400360107422,283.67999267578125,28.795499801635742,,14.979999542236328
2019-06-11,11965.599609375,39950.4609375,125.62200164794922,284.45001220703125,28.600500106811523,,14.489999771118164
2019-06-12,11906.2001953125,39756.80859375,125.072998046875,281.5799865722656,28.783000946044922,,14.119999885559082
2019-06-13,11914.0498046875,39741.359375,125.4209976196289,281.2900085449219,28.826000213623047,,13.65999984741211
2019-06-14,11823.2998046875,39452.0703125,124.51699829101562,280.05999755859375,29.242000579833984,,13.899999618530273
2019-06-17,11672.150390625,38960.7890625,123.08300018310547,275.70001220703125,28.9375,,14.649999618530273
2019-06-18,11691.5,39046.33984375,123.14099884033203,276.0,29.047500610351562,,14.600000381469727
2019-06-19,11691.4501953125,39112.73828125,123.0270004272461,274.3999938964844,29.017000198364258,,14.729999542236328
2019-06-20,11831.75,39601.62890625,124.49299621582031,277.92999267578125,29.759000778198242,,14.0
2019-06-21,11724.099609375,39194.48828125,123.68000030517578,278.04998779296875,29.764999389648438,,14.609999656677246
2019-06-24,11699.650390625,39122.9609375,123.40599822998047,278.3299865722656,30.006999969482422,,15.220000267028809
2019-06-25,11796.4501953125,39434.94140625,124.0739974975586,279.3399963378906,30.41699981689453,,15.010000228881836
2019-06-26,11847.5498046875,39592.078125,124.65299987792969,281.5,29.84749984741211,,14.75
2019-06-27,11841.5498046875,39586.41015625,124.81700134277344,282.79998779296875,29.78350067138672,,14.649999618530273
2019-06-28,11788.849609375,39394.640625,124.29199981689453,282.4599914550781,29.97949981689453,,14.949999809265137
2019-07-01,11865.599609375,39686.5,124.93399810791016,283.1700134277344,29.586000442504883,,14.600000381469727
2019-07-02,11910.2998046875,39816.48046875,125.3030014038086,284.9800109863281,29.628000259399414,,14.25
2019-07-03,11916.75,39839.25,125.48300170898438,284.6400146484375,30.15049934387207,,13.699999809265137
2019-07-04,11946.75,39908.05859375,126.04000091552734,285.0799865722656,29.94499969482422,,13.529999732971191
2019-07-05,11811.150390625,39513.390625,124.60800170898438,282.75,30.246000289916992,,13.069999694824219
2019-07-08,11558.599609375,38720.5703125,121.94400024414062,276.5799865722656,30.293500900268555,,13.850000381469727
2019-07-09,11555.900390625,38730.8203125,121.80400085449219,277.7300109863281,30.02199935913086,,13.6899995803833
2019-07-10,11498.900390625,38557.0390625,121.35199737548828,275.5299987792969,30.16200065612793,,13.640000343322754
2019-07-11,11582.900390625,38823.109375,122.2030029296875,278.5,30.587499618530273,,12.470000267028809
2019-07-12,11552.5,38736.23046875,121.97100067138672,279.0400085449219,30.327999114990234,,12.0
2019-07-15,11588.349609375,38896.7109375,122.21600341796875,278.8999938964844,30.514999389648438,,12.020000457763672
2019-07-16,11662.599609375,39131.0390625,122.9520034790039,282.57000732421875,30.546499252319336,,11.5600004196167
2019-07-17,11687.5,39215.640625,123.27100372314453,282.45001220703125,30.486499786376953,,11.800000190734863
2019-07-18,11596.900390625,38897.4609375,122.55699920654297,280.510009765625,30.962499618530273,,11.75
2019-07-19,11419.25,38337.01171875,120.71700286865234,275.3800048828125,31.183500289916992,,12.520000457763672
2019-07-22,11346.2001953125,38031.12890625,119.8949966430664,275.2300109863281,30.864500045776367,,13.010000228881836
2019-07-23,11331.0498046875,37982.73828125,119.69300079345703,274.8399963378906,30.78350067138672,,13.430000305175781
2019-07-24,11271.2998046875,37847.6484375,119.13899993896484,270.8500061035156,30.826000213623047,,12.760000228881836
2019-07-25,11252.150390625,37830.98046875,118.99199676513672,272.57000732421875,30.835500717163086,,12.640000343322754
2019-07-26,11284.2998046875,37882.7890625,119.3219985961914,275.1600036621094,30.684499740600586,,12.130000114440918
2019-07-29,11189.2001953125,37686.37109375,118.36000061035156,271.32000732421875,30.66900062561035,,13.0600004196167
2019-07-30,11085.400390625,37397.23828125,117.2490005493164,267.7699890136719,30.789499282836914,,13.609999656677246
2019-07-31,11118.0,37481.12109375,117.5770034790039,269.1199951171875,30.6564998626709,,13.59000015258789
2019-08-01,10980.0,37018.3203125,116.27300262451172,266.5899963378906,30.45549964904785,,14.5600004196167
2019-08-02,10997.349609375,37118.21875,116.33699798583984,267.0199890136719,31.270000457763672,,15.1899995803833
2019-08-05,10862.599609375,36699.83984375,115.1500015258789,265.42999267578125,31.97100067138672,,16.59000015258789
2019-08-06,10948.25,36976.8515625,115.87100219726562,267.70001220703125,32.17100143432617,,16.1200008392334
2019-08-07,10855.5,36690.5,114.91200256347656,266.57000732421875,32.6510009765625,,16.739999771118164
2019-08-08,11032.4501953125,37327.359375,116.93499755859375,269.1099853515625,32.60449981689453,,16.09000015258789
2019-08-09,11109.650390625,37581.91015625,117.61499786376953,272.07000732421875,32.72549819946289,,15.850000381469727
2019-08-13,10925.849609375,36958.16015625,115.76300048828125,265.8800048828125,33.30550003051758,,17.780000686645508
2019-08-14,11029.400390625,37311.53125,116.71399688720703,268.3999938964844,32.777000427246094,,16.360000610351562
2019-08-16,11047.7998046875,37350.328125,117.01399993896484,269.5299987792969,32.90299987792969,,16.649999618530273
2019-08-19,11053.900390625,37402.48828125,117.12699890136719,269.42999267578125,32.94300079345703,,16.75
2019-08-20,11017.0,37328.01171875,116.70800018310547,266.4599914550781,33.18550109863281,,16.6299991607666
2019-08-21,10918.7001953125,37060.37109375,115.677001953125,264.260009765625,32.949501037597656,,17.020000457763672
2019-08-22,10741.349609375,36472.9296875,113.86799621582031,261.1000061035156,33.199501037597656,,17.850000381469727
2019-08-23,10829.349609375,36701.16015625,114.74299621582031,263.25,33.09149932861328,,17.350000381469727
2019-08-26,11057.849609375,37494.12109375,117.08699798583984,267.8500061035156,33.96049880981445,,16.65999984741211
2019-08-27,11105.349609375,37641.26953125,117.4540023803711,271.3800048828125,33.94900131225586,,16.010000228881836
2019-08-28,11046.099609375,37451.83984375,116.86199951171875,269.2300109863281,34.21149826049805,,16.84000015258789
2019-08-29,10948.2998046875,37068.9296875,116.11799621582031,270.6300048828125,34.22249984741211,,16.43000030517578
2019-08-30,11023.25,37332.7890625,116.61399841308594,273.30999755859375,33.79949951171875,,16.280000686645508
2019-09-03,10797.900390625,36562.91015625,114.51699829101562,268.3900146484375,34.45199966430664,,18.059999465942383
2019-09-04,10844.650390625,36724.73828125,114.88999938964844,267.70001220703125,34.576499938964844,,17.239999771118164
2019-09-05,10847.900390625,36644.421875,114.97899627685547,269.5,34.513999938964844,,17.270000457763672
2019-09-06,10946.2001953125,36981.76953125,115.97000122070312,269.9800109863281,33.52450180053711,,16.270000457763672
2019-09-09,11003.0498046875,37145.44921875,116.43399810791016,270.9599914550781,33.6870002746582,,15.850000381469727
2019-09-11,11035.7001953125,37270.8203125,116.78399658203125,272.7900085449219,33.33150100708008,,15.369999885559082
2019-09-12,10982.7998046875,37104.28125,116.44400024414062,272.54998779296875,33.14799880981445,,14.899999618530273
2019-09-13,11075.900390625,37384.98828125,117.31099700927734,273.67999267578125,33.12350082397461,,14.119999885559082
2019-09-16,11003.5,37123.30859375,116.40299987792969,274.3999938964844,33.25,,14.949999809265137
2019-09-17,10817.599609375,36481.08984375,114.66400146484375,269.9800109863281,33.36399841308594,,16.020000457763672
2019-09-18,10840.650390625,36563.87890625,114.81600189208984,270.2699890136719,33.11949920654297,,15.350000381469727
2019-09-19,10704.7998046875,36093.46875,113.5199966430664,269.0299987792969,32.79800033569336,,15.550000190734863
2019-09-20,11274.2001953125,38014.62109375,119.5469970703125,284.0799865722656,32.81800079345703,,15.399999618530273
2019-09-23,11600.2001953125,39090.03125,123.00199890136719,288.55999755859375,33.08250045776367,,16.790000915527344
2019-09-24,11588.2001953125,39097.140625,122.68900299072266,288.9100036621094,33.08649826049805,,16.729999542236328
2019-09-25,11440.2001953125,38593.51953125,121.35900115966797,285.3800048828125,33.345001220703125,,16.170000076293945
2019-09-26,11571.2001953125,38989.73828125,122.76100158691406,287.3699951171875,32.98649978637695,,16.34000015258789
2019-09-27,11512.400390625,38822.5703125,122.09400177001953,288.8500061035156,33.02149963378906,,16.110000610351562
2019-09-30,11474.4501953125,38667.328125,121.56700134277344,285.5400085449219,32.97249984741211,,15.869999885559082
2019-10-01,11359.900390625,38305.41015625,120.50299835205078,281.9700012207031,32.640499114990234,,16.760000228881836
2019-10-03,11314.0,38106.87109375,119.84400177001953,280.45001220703125,33.354000091552734,,17.700000762939453
2019-10-04,11174.75,37673.30859375,118.21499633789062,276.8800048828125,33.640499114990234,,17.579999923706055
2019-10-07,11126.400390625,37531.98046875,117.56900024414062,273.0299987792969,33.60350036621094,,17.829999923706055
2019-10-09,11313.2998046875,38177.94921875,119.427001953125,276.70001220703125,33.72249984741211,,17.15999984741211
2019-10-10,11234.5498046875,37880.3984375,118.53900146484375,275.0400085449219,33.827999114990234,,17.229999542236328
2019-10-11,11305.0498046875,38127.078125,119.73600006103516,276.0899963378906,33.6614990234375,,17.139999389648438
2019-10-14,11341.150390625,38214.46875,119.89299774169922,278.04998779296875,33.746498107910156,,17.43000030517578
2019-10-15,11428.2998046875,38506.08984375,120.87300109863281,279.45001220703125,33.92499923706055,,16.850000381469727
2019-10-16,11464.0,38598.98828125,120.9469985961914,282.04998779296875,33.734500885009766,,16.360000610351562
2019-10-17,11586.349609375,39052.05859375,122.4800033569336,285.7099914550781,33.787498474121094,,15.880000114440918
2019-10-18,11661.849609375,39298.37890625,123.45500183105469,289.1600036621094,33.76300048828125,,15.930000305175781
2019-10-22,11588.349609375,38963.83984375,122.96299743652344,290.79998779296875,33.665000915527344,,16.809999465942383
2019-10-23,11604.099609375,39058.828125,122.99500274658203,292.0400085449219,33.792999267578125,,16.540000915527344
2019-10-24,11582.599609375,39020.390625,122.66999816894531,290.4800109863281,33.701499938964844,,16.239999771118164
2019-10-25,11583.900390625,39058.05859375,122.53600311279297,289.55999755859375,34.28150177001953,,15.319999694824219
2019-10-27,11583.900390625,39058.05859375,123.38700103759766,291.20001220703125,34.13399887084961,,15.319999694824219
2019-10-29,11786.849609375,39831.83984375,124.6780014038086,293.8999938964844,33.71049880981445,,16.420000076293945
2019-10-30,11844.099609375,40051.87109375,125.28700256347656,295.9700012207031,33.65999984741211,,16.65999984741211
2019-10-31,11877.4501953125,40129.05078125,125.49800109863281,296.70001220703125,34.06549835205078,,16.280000686645508
2019-11-01,11890.599609375,40165.03125,126.14099884033203,297.75,34.18000030517578,,15.729999542236328
2019-11-04,11941.2998046875,40301.9609375,126.34400177001953,297.0400085449219,34.1870002746582,,15.930000305175781
2019-11-05,11917.2001953125,40248.23046875,126.05899810791016,293.8399963378906,34.09149932861328,,15.920000076293945
2019-11-06,11966.0498046875,40469.78125,126.4749984741211,296.6400146484375,33.86199951171875,,15.779999732971191
2019-11-07,12012.0498046875,40653.73828125,126.97899627685547,296.5899963378906,33.7869987487793,,15.210000038146973
2019-11-08,11908.150390625,40323.609375,126.06199645996094,294.3399963378906,33.50450134277344,,15.859999656677246
2019-11-11,11913.4501953125,40345.078125,126.49099731445312,295.6199951171875,33.553001403808594,,16.25
2019-11-13,11840.4501953125,40116.05859375,125.6969985961914,294.2099914550781,33.82550048828125,,16.459999084472656
2019-11-14,11872.099609375,40286.48046875,125.5459976196289,292.7699890136719,33.84149932861328,,15.649999618530273
2019-11-15,11895.4501953125,40356.69140625,126.04399871826172,292.6400146484375,33.53850173950195,,15.029999732971191
2019-11-18,11884.5,40284.19140625,125.7300033569336,292.4100036621094,33.43000030517578,,15.760000228881836
2019-11-19,11940.099609375,40469.69921875,126.39600372314453,291.5,33.708499908447266,,15.40999984741211
2019-11-20,11999.099609375,40651.640625,126.83300018310547,293.260009765625,33.85300064086914,,15.15999984741211
2019-11-21,11968.400390625,40575.171875,126.60399627685547,291.3800048828125,33.702999114990234,,14.979999542236328
2019-11-22,11914.400390625,40359.41015625,126.44200134277344,290.70001220703125,33.707000732421875,,14.869999885559082
2019-11-25,12073.75,40889.23046875,127.73699951171875,295.4100036621094,33.38850021362305,,15.0
2019-11-26,12037.7001953125,40821.30078125,127.51000213623047,293.80999755859375,33.32149887084961,,14.84000015258789
2019-11-27,12100.7001953125,41020.609375,127.9020004272461,294.6300048828125,33.2869987487793,,14.619999885559082
2019-11-28,12151.150390625,41130.171875,128.406005859375,297.6000061035156,33.33649826049805,,13.989999771118164
2019-11-29,12056.0498046875,40793.80859375,127.51300048828125,295.75,33.41350173950195,,13.899999618530273
2019-12-02,12048.2001953125,40802.171875,127.63400268554688,296.69000244140625,33.40850067138672,,14.199999809265137
2019-12-03,11994.2001953125,40675.44921875,126.95999908447266,294.6099853515625,33.484500885009766,,14.5600004196167
2019-12-04,12043.2001953125,40850.2890625,127.46900177001953,294.8900146484375,33.756500244140625,,13.319999694824219
2019-12-05,12018.400390625,40779.58984375,127.2040023803711,292.8399963378906,33.66550064086914,,14.3100004196167
2019-12-06,11921.5,40445.1484375,126.22699737548828,289.8999938964844,33.62200164794922,,13.640000343322754
2019-12-09,11937.5,40487.4296875,126.32599639892578,288.20001220703125,33.23550033569336,,14.600000381469727
2019-12-10,11856.7998046875,40239.87890625,125.79499816894531,285.739990234375,33.20650100708008,,14.289999961853027
2019-12-11,11910.150390625,40412.5703125,126.22000122070312,287.07000732421875,33.27199935913086,,13.380000114440918
2019-12-12,11971.7998046875,40581.7109375,127.10900115966797,289.0,33.287498474121094,,13.350000381469727
2019-12-13,12086.7001953125,41009.7109375,127.90599822998047,290.7099914550781,33.22050094604492,,13.300000190734863
2019-12-16,12053.9501953125,40938.71875,127.53099822998047,290.3399963378906,33.44300079345703,,13.420000076293945
2019-12-17,12165.0,41352.171875,128.61599731445312,290.989990234375,33.50299835205078,,12.520000457763672
2019-12-18,12221.650390625,41558.5703125,129.25399780273438,291.8800048828125,33.59600067138672,,12.34000015258789
2019-12-19,12259.7001953125,41673.921875,13.020000457763672,293.4800109863281,0.33550000190734863,,12.119999885559082
2019-12-20,12271.7998046875,41681.5390625,13.034000396728516,293.9200134277344,0.33649998903274536,,12.329999923706055
2019-12-23,12262.75,41642.66015625,129.92999267578125,295.3500061035156,33.650001525878906,,11.960000038146973
2019-12-24,12214.5498046875,41461.26171875,129.4499969482422,295.1199951171875,33.75,,11.630000114440918
2019-12-26,12126.5498046875,41163.76171875,128.69000244140625,293.3599853515625,34.0,,11.119999885559082
2019-12-27,12245.7998046875,41575.140625,129.55999755859375,296.17999267578125,34.150001525878906,,10.529999732971191
2019-12-30,12255.849609375,41558.0,130.25999450683594,296.25,34.29999923706055,,11.010000228881836
2019-12-31,12168.4501953125,41253.73828125,129.14999389648438,293.75,34.45000076293945,,11.670000076293945
2020-01-01,12182.5,41253.73828125,129.4199981689453,293.5299987792969,34.349998474121094,,11.670000076293945
2020-01-02,12282.2001953125,41626.640625,130.13999938964844,295.7699890136719,34.349998474121094,,11.489999771118164
2020-01-03,12226.650390625,41464.609375,129.7100067138672,295.0,35.400001525878906,,12.699999809265137
2020-01-06,11993.0498046875,40676.62890625,127.37000274658203,290.1000061035156,36.150001525878906,,14.779999732971191
2020-01-07,12052.9501953125,40869.46875,127.76000213623047,292.19000244140625,35.5,,14.609999656677246
2020-01-08,12025.349609375,40817.73828125,127.55999755859375,291.1400146484375,36.099998474121094,,15.640000343322754
2020-01-09,12215.900390625,41452.3515625,129.33999633789062,296.1000061035156,35.04999923706055,,14.0
2020-01-10,12256.7998046875,41599.71875,129.61000061035156,296.8699951171875,34.95000076293945,,14.079999923706055
2020-01-13,12329.5498046875,41859.69140625,130.41000366210938,298.4200134277344,34.75,,14.279999732971191
2020-01-14,12362.2998046875,41952.62890625,131.00999450683594,298.7900085449219,34.75,,13.90999984741211
2020-01-15,12343.2998046875,41872.73046875,131.00999450683594,299.8699951171875,35.04999923706055,,14.119999885559082
2020-01-16,12355.5,41932.55859375,130.91000366210938,300.8299865722656,35.0,,14.180000305175781
2020-01-17,12352.349609375,41945.37109375,131.19000244140625,301.4100036621094,34.95000076293945,,14.130000114440918
2020-01-20,12224.5498046875,41528.91015625,129.77999877929688,299.07000732421875,35.22999954223633,,15.40999984741211
2020-01-21,12169.849609375,41323.80859375,129.27000427246094,297.7099914550781,35.130001068115234,,15.859999656677246
2020-01-22,12106.900390625,41115.37890625,128.52999877929688,297.4100036621094,35.290000915527344,,16.360000610351562
2020-01-23,12180.349609375,41386.3984375,129.30999755859375,300.510009765625,35.209999084472656,,15.859999656677246
2020-01-24,12248.25,41613.19140625,130.11000061035156,303.9599914550781,35.400001525878906,,15.5600004196167
2020-01-27,12119.0,41155.12109375,128.72999572753906,301.2699890136719,35.849998474121094,,17.18000030517578
2020-01-28,12055.7998046875,40966.859375,128.10000610351562,300.5400085449219,35.720001220703125,,17.299999237060547
2020-01-29,12129.5,41198.66015625,128.75999450683594,302.1700134277344,35.61000061035156,,16.5
2020-01-30,12035.7998046875,40913.8203125,127.73999786376953,296.8699951171875,35.93000030517578,,16.799999237060547
2020-01-31,11962.099609375,40723.48828125,127.16999816894531,294.6300048828125,35.869998931884766,,17.3700008392334
2020-02-03,11707.900390625,39872.30859375,124.41999816894531,286.70001220703125,35.90999984741211,,15.779999732971191
2020-02-04,11979.650390625,40789.37890625,126.75,291.8699951171875,35.58000183105469,,14.380000114440918
2020-02-05,12089.150390625,41142.66015625,127.91000366210938,296.67999267578125,35.310001373291016,,14.170000076293945
2020-02-06,12137.9501953125,41306.03125,128.94000244140625,299.17999267578125,35.58000183105469,,13.779999732971191
2020-02-07,12098.349609375,41141.8515625,128.19000244140625,300.7699890136719,35.70000076293945,,13.75
2020-02-10,12031.5,40979.62109375,127.91000366210938,300.4599914550781,35.95000076293945,,14.210000038146973
2020-02-11,12107.900390625,41216.140625,128.3000030517578,300.2300109863281,35.81999969482422,,13.880000114440918
2020-02-12,12201.2001953125,41565.8984375,129.19000244140625,300.1000061035156,35.7599983215332,,13.619999885559082
2020-02-13,12174.650390625,41459.7890625,129.3000030517578,299.6499938964844,35.95000076293945,,13.369999885559082
2020-02-14,12113.4501953125,41257.73828125,128.3800048828125,296.57000732421875,35.849998474121094,,13.619999885559082
2020-02-17,12045.7998046875,41055.69140625,127.83999633789062,293.3999938964844,35.93000030517578,,14.420000076293945
2020-02-18,11992.5,40894.37890625,127.33999633789062,292.04998779296875,36.13999938964844,,14.510000228881836
2020-02-19,12125.900390625,41323.0,128.58999633789062,297.9800109863281,36.709999084472656,,14.020000457763672
2020-02-20,12080.849609375,41170.12109375,128.36000061035156,298.5199890136719,36.81999969482422,,13.699999809265137
2020-02-24,11829.400390625,40363.23046875,125.7300033569336,292.67999267578125,38.58000183105469,,17.0
2020-02-25,11797.900390625,40281.19921875,125.33999633789062,290.57000732421875,37.439998626708984,,16.899999618530273
2020-02-26,11678.5,39888.9609375,124.04000091552734,286.4800109863281,37.52000045776367,,18.260000228881836
2020-02-27,11633.2998046875,39745.66015625,123.63999938964844,285.69000244140625,37.380001068115234,,17.770000457763672
2020-02-28,11201.75,38297.2890625,119.29000091552734,276.7099914550781,37.369998931884766,,23.239999771118164
2020-03-02,11132.75,38144.01953125,118.38999938964844,275.8399963378906,37.029998779296875,,25.200000762939453
2020-03-03,11303.2998046875,38623.69921875,120.4000015258789,280.4700012207031,37.119998931884766,,24.540000915527344
2020-03-04,11251.0,38409.48046875,119.5199966430664,278.07000732421875,38.099998474121094,,24.229999542236328
2020-03-05,11269.0,38470.609375,119.75,280.3800048828125,38.040000915527344,,23.25
2020-03-06,10989.4501953125,37576.62109375,117.18000030517578,274.2799987792969,39.04999923706055,,25.639999389648438
2020-03-09,10451.4501953125,35634.94921875,111.62000274658203,269.1199951171875,38.459999084472656,,30.799999237060547
2020-03-11,10458.400390625,35697.3984375,111.30999755859375,260.760009765625,38.18000030517578,,31.559999465942383
2020-03-12,9590.150390625,32778.140625,102.98999786376953,239.42999267578125,37.959999084472656,,41.15999984741211
2020-03-13,9955.2001953125,34103.48046875,106.36000061035156,240.19000244140625,36.619998931884766,,51.470001220703125
2020-03-16,9197.400390625,31390.0703125,102.37000274658203,231.7100067138672,35.66999816894531,,58.880001068115234
2020-03-17,8967.0498046875,30579.08984375,99.19999694824219,232.72000122070312,34.83000183105469,,62.93000030517578
2020-03-18,8468.7998046875,28869.509765625,96.08000183105469,222.2899932861328,35.439998626708984,,63.959999084472656
2020-03-19,8263.4501953125,28288.23046875,89.47000122070312,211.14999389648438,35.209999084472656,,72.19999694824219
2020-03-20,8745.4501953125,29915.9609375,92.97000122070312,220.8699951171875,36.11000061035156,,67.0999984741211
2020-03-23,7610.25,25981.240234375,83.5199966430664,200.4199981689453,35.02000045776367,,71.98999786376953
2020-03-24,7801.0498046875,26674.029296875,85.0,199.0500030517578,36.38999938964844,,83.61000061035156
2020-03-25,8317.849609375,28535.779296875,89.45999908447266,205.30999755859375,36.9900016784668,,77.62999725341797
2020-03-26,8641.4501953125,29946.76953125,92.68000030517578,213.27999877929688,36.720001220703125,,71.52999877929688
2020-03-27,8660.25,29815.58984375,91.26000213623047,214.1999969482422,38.16999816894531,,70.38999938964844
2020-03-30,8281.099609375,28440.3203125,89.16999816894531,211.67999267578125,39.7400016784668,,71.88999938964844
2020-03-31,8597.75,29468.490234375,91.94000244140625,217.8800048828125,38.209999084472656,,64.41000366210938
2020-04-01,8253.7998046875,28265.310546875,89.3499984741211,218.6699981689453,38.2400016784668,,60.04999923706055
2020-04-03,8083.7998046875,27590.94921875,86.58999633789062,214.72999572753906,38.790000915527344,,55.29999923706055
2020-04-07,8792.2001953125,30067.2109375,92.41000366210938,227.61000061035156,39.66999816894531,,51.79999923706055
2020-04-08,8748.75,29893.9609375,92.81999969482422,233.25,39.790000915527344,,52.2400016784668
2020-04-09,9111.900390625,31159.619140625,96.2300033569336,239.02999877929688,40.790000915527344,,49.75
2020-04-13,8993.849609375,30690.01953125,95.62000274658203,236.77000427246094,42.4900016784668,,51.459999084472656
2020-04-15,8925.2998046875,30379.810546875,95.19999694824219,243.75999450683594,42.66999816894531,,49.7400016784668
2020-04-16,8992.7998046875,30602.609375,95.68000030517578,242.7899932861328,43.2599983215332,,46.099998474121094
2020-04-17,9266.75,31588.720703125,98.20999908447266,247.1199951171875,42.470001220703125,,42.59000015258789
2020-04-20,9261.849609375,31648.0,97.98999786376953,243.94000244140625,41.54999923706055,,43.459999084472656
2020-04-21,8981.4501953125,30636.7109375,95.5999984741211,241.0500030517578,42.04999923706055,,45.20000076293945
2020-04-22,9187.2998046875,31379.55078125,97.37999725341797,242.83999633789062,42.61000061035156,,42.81999969482422
2020-04-23,9313.900390625,31863.080078125,98.62000274658203,244.3699951171875,42.61000061035156,,39.22999954223633
2020-04-24,9154.400390625,31327.220703125,97.0999984741211,241.0399932861328,42.689998626708984,,39.119998931884766
2020-04-27,9282.2998046875,31743.080078125,98.43000030517578,243.57000732421875,42.560001373291016,,38.040000915527344
2020-04-28,9380.900390625,32114.51953125,99.3499984741211,243.6199951171875,42.68000030517578,,35.349998474121094
2020-04-29,9553.349609375,32720.16015625,101.12000274658203,246.58999633789062,42.369998931884766,,33.84000015258789
2020-04-30,9859.900390625,33717.62109375,104.18000030517578,250.47000122070312,42.56999969482422,,33.9900016784668
2020-05-04,9293.5,31715.349609375,98.80000305175781,240.3000030517578,42.72999954223633,,43.66999816894531
2020-05-05,9205.599609375,31453.509765625,97.6500015258789,239.89999389648438,41.540000915527344,,43.61000061035156
2020-05-06,9270.900390625,31685.75,98.5,238.47000122070312,41.36000061035156,,41.25
2020-05-07,9199.0498046875,31443.380859375,97.5999984741211,238.1199951171875,41.060001373291016,,39.93000030517578
2020-05-08,9251.5,31642.69921875,98.12000274658203,239.91000366210938,41.5099983215332,,38.40999984741211
2020-05-11,9239.2001953125,31561.220703125,98.20999908447266,242.13999938964844,41.16999816894531,,38.040000915527344
2020-05-12,9196.5498046875,31371.119140625,97.95999908447266,241.66000366210938,41.2400016784668,,38.209999084472656
2020-05-13,9383.5498046875,32008.609375,99.69000244140625,243.55999755859375,40.970001220703125,,38.84000015258789
2020-05-14,9142.75,31122.890625,97.41999816894531,244.80999755859375,41.4900016784668,,38.18000030517578
2020-05-15,9136.849609375,31097.73046875,97.08000183105469,242.89999389648438,41.79999923706055,,38.02000045776367
2020-05-18,8823.25,30028.98046875,93.93000030517578,236.16000366210938,42.540000915527344,,40.91999816894531
2020-05-19,8879.099609375,30196.169921875,94.33999633789062,235.94000244140625,41.369998931884766,,39.45000076293945
2020-05-20,9066.5498046875,30818.609375,96.25,240.47000122070312,41.880001068115234,,35.810001373291016
2020-05-21,9106.25,30932.900390625,96.69000244140625,242.80999755859375,41.43000030517578,,32.9900016784668
2020-05-22,9039.25,30672.58984375,96.11000061035156,240.86000061035156,41.650001525878906,,32.380001068115234
2020-05-26,9029.0498046875,30609.30078125,96.20999908447266,242.86000061035156,41.20000076293945,,31.469999313354492
2020-05-27,9314.9501953125,31605.220703125,98.5999984741211,241.4499969482422,40.650001525878906,,31.270000457763672
2020-05-28,9490.099609375,32200.58984375,100.37000274658203,245.10000610351562,41.189998626708984,,30.020000457763672
2020-05-29,9580.2998046875,32424.099609375,101.37999725341797,251.7899932861328,40.9900016784668,,30.219999313354492
2020-06-01,9826.150390625,33303.51953125,104.41999816894531,254.16000366210938,41.209999084472656,,30.739999771118164
2020-06-02,9979.099609375,33825.53125,105.88999938964844,256.6300048828125,41.18000030517578,,30.1200008392334
2020-06-03,10061.5498046875,34109.5390625,106.36000061035156,259.1000061035156,40.880001068115234,,30.040000915527344
2020-06-04,10029.099609375,33980.69921875,106.2699966430664,258.25,40.810001373291016,,29.690000534057617
2020-06-05,10142.150390625,34287.23828125,107.66000366210938,263.5299987792969,41.189998626708984,,28.68000030517578
2020-06-08,10167.4501953125,34370.578125,108.0999984741211,264.2099914550781,40.650001525878906,,29.649999618530273
2020-06-09,10046.650390625,33956.69140625,106.8499984741211,263.0299987792969,41.0,,30.209999084472656
2020-06-10,10116.150390625,34247.05078125,107.5199966430664,263.6600036621094,41.209999084472656,,29.440000534057617
2020-06-11,9902.0,33538.37109375,105.30000305175781,259.0199890136719,41.72999954223633,,29.65999984741211
2020-06-12,9972.900390625,33780.890625,105.72000122070312,260.7900085449219,41.79999923706055,,30.81999969482422
2020-06-15,9813.7001953125,33228.80078125,104.51000213623047,259.1400146484375,41.40999984741211,,32.58000183105469
2020-06-16,9914.0,33605.21875,105.20999908447266,259.260009765625,41.849998474121094,,32.970001220703125
2020-06-17,9881.150390625,33507.921875,104.91999816894531,260.45001220703125,41.650001525878906,,33.349998474121094
2020-06-18,10091.650390625,34208.05078125,106.97000122070312,260.2900085449219,41.84000015258789,,31.459999084472656
2020-06-19,10244.400390625,34731.73046875,108.79000091552734,263.3900146484375,41.7400016784668,,29.969999313354492
2020-06-22,10311.2001953125,34911.3203125,109.55999755859375,267.6400146484375,42.290000915527344,,30.459999084472656
2020-06-23,10471.0,35430.4296875,111.0,272.5400085449219,42.220001220703125,,29.34000015258789
2020-06-24,10305.2998046875,34868.98046875,109.52999877929688,270.5,42.70000076293945,,29.579999923706055
2020-06-25,10288.900390625,34842.1015625,109.05000305175781,270.82000732421875,42.310001373291016,,29.729999542236328
2020-06-26,10383.0,35171.26953125,110.23999786376953,270.0400085449219,42.33000183105469,,28.739999771118164
2020-06-29,10312.400390625,34961.51953125,109.73999786376953,269.29998779296875,42.4900016784668,,28.90999984741211
2020-06-30,10302.099609375,34915.80078125,109.5199966430664,268.8299865722656,42.61000061035156,,29.1200008392334
2020-07-01,10430.0498046875,35414.44921875,111.04000091552734,269.4200134277344,43.0,,28.1200008392334
2020-07-02,10551.7001953125,35843.69921875,112.0999984741211,271.1499938964844,42.2400016784668,,26.510000228881836
2020-07-03,10607.349609375,36021.421875,112.51000213623047,272.29998779296875,42.20000076293945,,25.770000457763672
2020-07-06,10763.650390625,36487.28125,114.27999877929688,273.2799987792969,42.27000045776367,,25.200000762939453
2020-07-07,10799.650390625,36674.51953125,114.6500015258789,275.57000732421875,42.41999816894531,,25.100000381469727
2020-07-08,10705.75,36329.01171875,113.8499984741211,273.5400085449219,43.0099983215332,,26.100000381469727
2020-07-09,10813.4501953125,36737.69140625,115.06999969482422,273.4599914550781,43.33000183105469,,24.90999984741211
2020-07-10,10768.0498046875,36594.328125,114.37999725341797,274.2699890136719,43.20000076293945,,24.940000534057617
2020-07-13,10802.7001953125,36693.69140625,114.86000061035156,273.2900085449219,43.2599983215332,,25.25
2020-07-14,10607.349609375,36033.05859375,112.93000030517578,271.760009765625,43.119998931884766,,26.639999389648438
2020-07-15,10618.2001953125,36051.80859375,112.97000122070312,269.7900085449219,43.220001220703125,,26.290000915527344
2020-07-16,10739.9501953125,36471.6796875,114.08000183105469,270.1199951171875,43.119998931884766,,25.360000610351562
2020-07-17,10901.7001953125,37020.140625,115.80999755859375,275.0899963378906,42.880001068115234,,24.15999984741211
2020-07-20,11022.2001953125,37418.98828125,117.05999755859375,276.2200012207031,43.06999969482422,,24.709999084472656
2020-07-21,11162.25,37930.328125,118.54000091552734,276.70001220703125,43.2599983215332,,24.43000030517578
2020-07-22,11132.599609375,37871.51953125,118.11000061035156,276.4200134277344,43.880001068115234,,24.889999389648438
2020-07-23,11215.4501953125,38140.46875,119.08000183105469,278.510009765625,44.5,,24.639999389648438
2020-07-24,11194.150390625,38128.8984375,118.98999786376953,275.5799865722656,44.91999816894531,,24.540000915527344
2020-07-27,11131.7998046875,37934.73046875,118.38999938964844,272.04998779296875,46.45000076293945,,25.020000457763672
2020-07-28,11300.5498046875,38492.94921875,120.0199966430664,274.8500061035156,46.0099983215332,,23.639999389648438
2020-07-29,11202.849609375,38071.12890625,119.26000213623047,275.3399963378906,46.52000045776367,,24.110000610351562
2020-07-30,11102.150390625,37736.0703125,117.95999908447266,276.69000244140625,46.54999923706055,,24.729999542236328
2020-07-31,11073.4501953125,37606.890625,118.0199966430664,279.6600036621094,47.13999938964844,,24.190000534057617
2020-08-03,10891.599609375,36939.6015625,116.16999816894531,279.70001220703125,47.290000915527344,,25.190000534057617
2020-08-04,11095.25,37687.91015625,118.0,280.70001220703125,47.2599983215332,,23.81999969482422
2020-08-05,11101.650390625,37663.328125,118.02999877929688,280.25,48.5099983215332,,23.56999969482422
2020-08-06,11200.150390625,38025.44921875,119.0199966430664,282.510009765625,48.900001525878906,,23.149999618530273
2020-08-07,11214.0498046875,38040.5703125,119.3499984741211,283.989990234375,49.16999816894531,,22.579999923706055
2020-08-10,11270.150390625,38182.078125,119.97000122070312,287.94000244140625,48.400001525878906,,22.510000228881836
2020-08-11,11322.5,38407.01171875,120.44000244140625,286.5400085449219,47.29999923706055,,21.360000610351562
2020-08-12,11308.400390625,38369.62890625,120.33000183105469,284.9200134277344,45.68000030517578,,20.850000381469727
2020-08-13,11300.4501953125,38310.48828125,120.48999786376953,287.9700012207031,45.9900016784668,,20.56999969482422
2020-08-14,11178.400390625,37877.33984375,119.26000213623047,286.07000732421875,46.31999969482422,,21.670000076293945
2020-08-17,11247.099609375,38050.78125,119.87999725341797,285.92999267578125,46.150001525878906,,21.309999465942383
2020-08-18,11385.349609375,38528.3203125,120.97000122070312,289.6199951171875,47.310001373291016,,20.43000030517578
2020-08-19,11408.400390625,38614.7890625,121.12999725341797,289.4100036621094,46.880001068115234,,19.959999084472656
2020-08-20,11312.2001953125,38220.390625,120.41999816894531,288.2699890136719,45.68000030517578,,20.6200008392334
2020-08-21,11371.599609375,38434.71875,121.11000061035156,289.4700012207031,45.720001220703125,,19.940000534057617
2020-08-24,11466.4501953125,38799.078125,122.0,289.2300109863281,45.5,,19.229999542236328
2020-08-25,11472.25,38843.87890625,121.93000030517578,290.5899963378906,44.93000030517578,,19.31999969482422
2020-08-26,11549.599609375,39073.921875,122.75,290.6400146484375,44.79999923706055,,19.299999237060547
2020-08-27,11559.25,39113.46875,122.91000366210938,291.75,45.04999923706055,,18.899999618530273
2020-08-28,11647.599609375,39467.30859375,124.04000091552734,292.8599853515625,45.099998474121094,,18.350000381469727
2020-08-31,11387.5,38628.2890625,121.02999877929688,281.9700012207031,45.34000015258789,,22.84000015258789
2020-09-01,11470.25,38900.80078125,122.1500015258789,283.0400085449219,45.459999084472656,,21.799999237060547
2020-09-02,11535.0,39086.03125,122.75,287.42999267578125,45.0,,21.110000610351562
2020-09-03,11527.4501953125,38990.94140625,122.7300033569336,288.7300109863281,44.439998626708984,,20.5
2020-09-04,11333.849609375,38357.1796875,121.12000274658203,282.510009765625,44.720001220703125,,22.149999618530273
2020-09-07,11355.0498046875,38417.23046875,121.2699966430664,281.92999267578125,44.75,,22.010000228881836
2020-09-08,11317.349609375,38365.3515625,120.8499984741211,279.5400085449219,44.81999969482422,,22.719999313354492
2020-09-09,11278.0,38193.921875,120.33999633789062,279.70001220703125,44.939998626708984,,22.229999542236328
2020-09-10,11449.25,38840.3203125,121.94000244140625,282.1000061035156,45.220001220703125,,21.260000228881836
2020-09-11,11464.4501953125,38854.55078125,122.12999725341797,284.29998779296875,45.16999816894531,,20.709999084472656
2020-09-14,11440.0498046875,38756.62890625,122.12999725341797,284.1300048828125,45.029998779296875,,21.190000534057617
2020-09-15,11521.7998046875,39044.3515625,122.9000015258789,287.489990234375,45.560001373291016,,20.600000381469727
2020-09-16,11604.5498046875,39302.8515625,123.70999908447266,288.260009765625,45.380001068115234,,19.65999984741211
2020-09-17,11516.099609375,38979.8515625,122.72000122070312,288.010009765625,44.97999954223633,,20.100000381469727
2020-09-18,11504.9501953125,38845.8203125,122.66000366210938,288.7300109863281,45.31999969482422,,20.049999237060547
2020-09-21,11250.5498046875,38034.140625,119.91999816894531,280.9800109863281,45.0,,22.190000534057617
2020-09-22,11153.650390625,37734.078125,118.91000366210938,275.8999938964844,44.2599983215332,,21.40999984741211
2020-09-23,11131.849609375,37668.421875,118.94999694824219,275.2099914550781,43.97999954223633,,20.989999771118164
2020-09-24,10805.5498046875,36553.6015625,115.76000213623047,271.04998779296875,43.36000061035156,,23.510000228881836
2020-09-25,11050.25,37388.66015625,117.87000274658203,276.9700012207031,43.619998931884766,,20.68000030517578
2020-09-28,11227.5498046875,37981.62890625,119.75,281.3399963378906,43.310001373291016,,19.56999969482422
2020-09-29,11222.400390625,37973.21875,119.81999969482422,281.1099853515625,44.150001525878906,,19.770000457763672
2020-09-30,11247.5498046875,38067.9296875,119.93000030517578,282.17999267578125,44.18000030517578,,19.530000686645508
2020-10-01,11416.9501953125,38697.05078125,121.61000061035156,283.80999755859375,44.099998474121094,,18.350000381469727
2020-10-05,11503.349609375,38973.69921875,122.37999725341797,284.1600036621094,44.18000030517578,,19.700000762939453
2020-10-06,11662.400390625,39574.5703125,124.02999877929688,285.7099914550781,44.61000061035156,,19.639999389648438
2020-10-07,11738.849609375,39878.94921875,124.88999938964844,284.6300048828125,43.95000076293945,,20.059999465942383
2020-10-08,11834.599609375,40182.671875,125.91000366210938,286.3500061035156,44.0,,20.3799991607666
2020-10-09,11914.2001953125,40509.48828125,126.98999786376953,286.6499938964844,44.400001525878906,,20.3799991607666
2020-10-12,11930.9501953125,40593.80078125,126.95999908447266,284.6700134277344,44.790000915527344,,21.1299991607666
2020-10-13,11934.5,40625.51171875,127.0199966430664,284.5400085449219,44.720001220703125,,20.719999313354492
2020-10-14,11971.0498046875,40794.73828125,127.41999816894531,286.2200012207031,44.150001525878906,,20.209999084472656
2020-10-15,11680.349609375,39728.41015625,124.80999755859375,282.45001220703125,44.29999923706055,,22.059999465942383
2020-10-16,11762.4501953125,39982.98046875,125.62000274658203,284.17999267578125,44.4900016784668,,21.649999618530273
2020-10-19,11873.0498046875,40431.6015625,126.80999755859375,286.05999755859375,44.52000045776367,,21.81999969482422
2020-10-20,11896.7998046875,40544.37109375,126.7699966430664,285.17999267578125,44.439998626708984,,22.690000534057617
2020-10-21,11937.650390625,40707.30859375,126.9800033569336,285.4700012207031,44.790000915527344,,22.920000076293945
2020-10-22,11896.4501953125,40558.48828125,126.7300033569336,286.05999755859375,44.790000915527344,,22.639999389648438
2020-10-23,11930.349609375,40685.5,127.11000061035156,285.95001220703125,44.650001525878906,,21.829999923706055
2020-10-26,11767.75,40145.5,125.80999755859375,282.0400085449219,44.54999923706055,,22.829999923706055
2020-10-27,11889.400390625,40522.1015625,126.80999755859375,287.2699890136719,44.52000045776367,,22.200000762939453
2020-10-28,11729.599609375,39922.4609375,125.4000015258789,284.75,44.61000061035156,,23.280000686645508
2020-10-29,11670.7998046875,39749.8515625,124.72000122070312,284.54998779296875,44.349998474121094,,24.020000457763672
2020-10-30,11642.400390625,39614.0703125,124.56999969482422,284.6600036621094,44.31999969482422,,24.75
2020-11-02,11669.150390625,39757.578125,124.37000274658203,285.6700134277344,44.619998931884766,,25.209999084472656
2020-11-03,11813.5,40261.12890625,126.01000213623047,287.2699890136719,44.79999923706055,,24.239999771118164
2020-11-04,11908.5,40616.140625,127.02999877929688,289.07000732421875,44.84000015258789,,23.200000762939453
2020-11-05,12120.2998046875,41340.16015625,129.1199951171875,293.6499938964844,44.91999816894531,,20.969999313354492
2020-11-06,12263.5498046875,41893.05859375,130.61000061035156,294.69000244140625,45.61000061035156,,20.5
2020-11-09,12461.0498046875,42597.4296875,132.72999572753906,298.94000244140625,45.83000183105469,,20.110000610351562
2020-11-10,12631.099609375,43277.6484375,134.72000122070312,296.8900146484375,43.97999954223633,,21.579999923706055
2020-11-11,12749.150390625,43593.671875,135.8300018310547,300.4100036621094,44.20000076293945,,22.030000686645508
2020-11-12,12690.7998046875,43357.19140625,135.25999450683594,302.3900146484375,44.2599983215332,,20.6200008392334
2020-11-13,12719.9501953125,43443.0,135.7899932861328,304.9800109863281,44.34000015258789,,19.700000762939453
2020-11-14,12719.9501953125,43443.0,136.39999389648438,308.95001220703125,44.709999084472656,,19.700000762939453
2020-11-17,12874.2001953125,43952.7109375,137.38999938964844,309.2300109863281,44.5099983215332,,19.799999237060547
2020-11-18,12938.25,44180.05078125,137.89999389648438,310.1600036621094,44.18000030517578,,19.1200008392334
2020-11-19,12771.7001953125,43599.9609375,136.25,309.94000244140625,43.83000183105469,,19.56999969482422
2020-11-20,12859.0498046875,43882.25,137.0,312.7200012207031,43.810001373291016,,19.6200008392334
2020-11-23,12926.4501953125,44077.1484375,137.75999450683594,315.69000244140625,43.880001068115234,,20.799999237060547
2020-11-24,13055.150390625,44523.01953125,139.3800048828125,316.0799865722656,42.779998779296875,,21.059999465942383
2020-11-25,12858.400390625,43828.1015625,137.38999938964844,314.1600036621094,42.68000030517578,,23.1299991607666
2020-11-26,12987.0,44259.73828125,138.24000549316406,315.9100036621094,42.939998626708984,,20.020000457763672
2020-11-27,12968.9501953125,44149.71875,138.3800048828125,317.2300109863281,42.84000015258789,,19.81999969482422
2020-12-01,13109.0498046875,44655.44140625,139.7899932861328,321.7699890136719,42.290000915527344,,20.18000030517578
2020-12-02,13113.75,44618.0390625,139.9600067138672,324.3500061035156,42.83000183105469,,19.90999984741211
2020-12-03,13133.900390625,44632.6484375,140.1199951171875,326.1400146484375,43.06999969482422,,19.0
2020-12-04,13258.5498046875,45079.55078125,141.27000427246094,327.5400085449219,43.060001373291016,,18.030000686645508
2020-12-07,13355.75,45426.96875,142.2899932861328,330.5899963378906,42.7599983215332,,18.020000457763672
2020-12-08,13392.9501953125,45608.51171875,142.86000061035156,330.7099914550781,43.34000015258789,,18.6200008392334
2020-12-09,13529.099609375,46103.5,144.41000366210938,331.42999267578125,43.18000030517578,,18.920000076293945
2020-12-10,13478.2998046875,45959.87890625,143.82000732421875,331.5199890136719,42.650001525878906,,18.709999084472656
2020-12-11,13513.849609375,46099.01171875,143.92999267578125,332.5899963378906,42.709999084472656,,18.790000915527344
2020-12-14,13558.150390625,46253.4609375,144.32000732421875,335.6000061035156,42.560001373291016,,19.399999618530273
2020-12-15,13567.849609375,46263.171875,144.61000061035156,332.8800048828125,42.81999969482422,,19.350000381469727
2020-12-16,13682.7001953125,46666.4609375,145.82000732421875,334.6499938964844,43.33000183105469,,19.200000762939453
2020-12-17,13740.7001953125,46890.33984375,146.55999755859375,333.6499938964844,43.66999816894531,,19.15999984741211
2020-12-18,13760.5498046875,46960.69140625,146.9600067138672,335.1099853515625,43.72999954223633,,18.6200008392334
2020-12-21,13328.400390625,45553.9609375,142.5,325.6300048828125,44.15999984741211,,23.190000534057617
2020-12-22,13466.2998046875,46006.69140625,143.82000732421875,328.7799987792969,43.70000076293945,,21.989999771118164
2020-12-23,13601.099609375,46444.1796875,145.1199951171875,334.4599914550781,43.58000183105469,,20.5
2020-12-24,13749.25,46973.5390625,146.52000427246094,334.94000244140625,43.72999954223633,,19.969999313354492
2020-12-28,13873.2001953125,47353.75,147.77999877929688,338.3599853515625,43.849998474121094,,20.43000030517578
2020-12-29,13932.599609375,47613.078125,148.77000427246094,338.3399963378906,43.68000030517578,,20.790000915527344
2020-12-30,13981.9501953125,47746.21875,149.27000427246094,339.5,43.58000183105469,,21.110000610351562
2020-12-31,13981.75,47751.328125,149.07000732421875,340.2699890136719,43.75,,21.100000381469727
2021-01-01,14018.5,47868.98046875,149.57000732421875,342.19000244140625,43.810001373291016,,21.100000381469727
2021-01-04,14132.900390625,48176.80078125,150.7100067138672,346.6199951171875,44.52000045776367,,20.030000686645508
2021-01-05,14199.5,48437.78125,151.3000030517578,351.3800048828125,44.970001220703125,,20.459999084472656
2021-01-06,14146.25,48174.05859375,151.22000122070312,353.2900085449219,45.15999984741211,,21.0
2021-01-07,14137.349609375,48093.3203125,151.1999969482422,354.7300109863281,44.40999984741211,,20.6200008392334
2021-01-08,14347.25,48782.51171875,152.8800048828125,357.260009765625,43.83000183105469,,20.639999389648438
2021-01-11,14484.75,49269.3203125,154.3800048828125,358.6300048828125,43.029998779296875,,22.3799991607666
2021-01-12,14563.4501953125,49517.109375,155.32000732421875,359.8299865722656,43.22999954223633,,22.850000381469727
2021-01-13,14564.849609375,49492.3203125,155.60000610351562,356.6300048828125,43.06999969482422,,23.290000915527344
2021-01-14,14595.599609375,49584.16015625,155.75999450683594,357.54998779296875,42.70000076293945,,23.030000686645508
2021-01-15,14433.7001953125,49034.671875,154.11000061035156,353.760009765625,43.029998779296875,,24.010000228881836
2021-01-18,14281.2998046875,48564.26953125,152.55999755859375,345.44000244140625,42.540000915527344,,24.399999618530273
2021-01-19,14521.150390625,49398.2890625,155.4499969482422,353.0299987792969,42.790000915527344,,22.899999618530273
2021-01-20,14644.7001953125,49792.12109375,156.75,353.67999267578125,42.9900016784668,,21.549999237060547
2021-01-21,14590.349609375,49624.76171875,156.02000427246094,351.29998779296875,43.220001220703125,,22.18000030517578
2021-01-22,14371.900390625,48878.5390625,153.91000366210938,349.3999938964844,43.040000915527344,,22.18000030517578
2021-01-25,14238.900390625,48347.58984375,152.4600067138672,345.010009765625,42.790000915527344,,23.25
2021-01-27,13967.5,47409.9296875,149.47999572753906,341.6199951171875,42.560001373291016,,24.389999389648438
2021-01-28,13817.5498046875,46874.359375,147.99000549316406,340.0799865722656,42.540000915527344,,24.290000915527344
2021-01-29,13634.599609375,46285.76953125,146.10000610351562,332.7900085449219,42.650001525878906,,25.34000015258789
2021-02-01,14281.2001953125,48600.609375,152.52000427246094,341.8500061035156,42.34000015258789,,23.31999969482422
2021-02-02,14647.849609375,49797.71875,156.10000610351562,348.989990234375,41.91999816894531,,23.350000381469727
2021-02-03,14789.9501953125,50255.75,157.66000366210938,350.1300048828125,41.689998626708984,,23.75
2021-02-04,14895.650390625,50614.2890625,158.69000244140625,354.44000244140625,41.33000183105469,,23.1200008392334
2021-02-05,14924.25,50731.62890625,159.0500030517578,353.0199890136719,41.130001068115234,,23.420000076293945
2021-02-08,15115.7998046875,51348.76953125,161.02999877929688,356.79998779296875,41.279998779296875,,23.959999084472656
2021-02-09,15109.2998046875,51329.078125,161.22999572753906,356.19000244140625,41.849998474121094,,24.270000457763672
2021-02-10,15106.5,51309.390625,161.4600067138672,357.19000244140625,41.7599983215332,,23.950000762939453
2021-02-11,15173.2998046875,51531.51953125,162.05999755859375,360.3900146484375,41.7599983215332,,23.049999237060547
2021-02-12,15163.2998046875,51544.30078125,162.1699981689453,361.95001220703125,41.20000076293945,,22.040000915527344
2021-02-15,15314.7001953125,52154.12890625,163.92999267578125,365.32000732421875,41.189998626708984,,22.040000915527344
2021-02-16,15313.4501953125,52104.171875,163.5399932861328,366.4100036621094,41.349998474121094,,21.780000686645508
2021-02-17,15208.900390625,51703.828125,162.58999633789062,367.25,40.52000045776367,,21.780000686645508
2021-02-18,15118.9501953125,51324.69140625,161.88999938964844,369.5899963378906,40.470001220703125,,21.540000915527344
2021-02-19,14981.75,50889.76171875,160.4199981689453,364.1300048828125,40.099998474121094,,22.25
2021-02-22,14675.7001953125,49744.3203125,157.17999267578125,359.57000732421875,40.43000030517578,,25.469999313354492
2021-02-23,14707.7998046875,49751.41015625,157.58999633789062,360.3900146484375,40.66999816894531,,25.229999542236328
2021-02-24,14982.0,50781.69140625,160.14999389648438,363.4100036621094,40.619998931884766,,24.170000076293945
2021-02-25,15097.349609375,51039.30859375,161.8699951171875,368.5899963378906,40.33000183105469,,22.889999389648438
2021-02-26,14529.150390625,49099.98828125,156.14999389648438,360.6199951171875,40.25,,28.139999389648438
2021-03-01,14761.5498046875,49849.83984375,158.00999450683594,361.4100036621094,39.959999084472656,,25.6299991607666
2021-03-02,14919.099609375,50296.890625,159.57000732421875,368.0400085449219,39.52000045776367,,23.610000610351562
2021-03-03,15245.599609375,51444.6484375,162.97999572753906,373.0899963378906,39.33000183105469,,22.09000015258789
2021-03-04,15080.75,50846.078125,161.1999969482422,374.7099914550781,38.93000030517578,,24.149999618530273
2021-03-05,14938.099609375,50405.3203125,159.66000366210938,369.2699890136719,38.66999816894531,,25.559999465942383
2021-03-08,14956.2001953125,50441.0703125,160.0399932861328,368.3299865722656,38.70000076293945,,24.68000030517578
2021-03-09,15098.400390625,51025.48046875,161.47000122070312,365.739990234375,38.849998474121094,,22.5
2021-03-10,15174.7998046875,51279.51171875,162.16000366210938,367.5,38.95000076293945,,20.75
2021-03-12,15030.9501953125,50792.078125,160.6300048828125,364.8500061035156,38.630001068115234,,21.709999084472656
2021-03-15,14929.5,50395.078125,159.9600067138672,362.5,39.060001373291016,,21.229999542236328
2021-03-16,14910.4501953125,50363.9609375,159.7899932861328,362.2900085449219,39.029998779296875,,20.190000534057617
2021-03-17,14721.2998046875,49801.62109375,157.8800048828125,357.1499938964844,39.13999938964844,,20.15999984741211
2021-03-18,14557.849609375,49216.51953125,156.1199951171875,353.8699951171875,39.16999816894531,,20.079999923706055
2021-03-19,14744.0,49858.23828125,157.8699951171875,356.1199951171875,39.22999954223633,,19.989999771118164
2021-03-22,14736.400390625,49771.2890625,157.3300018310547,359.75,38.849998474121094,,20.489999771118164
2021-03-23,14814.75,50051.44140625,158.35000610351562,363.6700134277344,38.91999816894531,,20.670000076293945
2021-03-24,14549.400390625,49180.30859375,156.08999633789062,359.1199951171875,38.880001068115234,,22.459999084472656
2021-03-25,14324.900390625,48440.12109375,153.86000061035156,351.5,38.88999938964844,,22.700000762939453
2021-03-26,14507.2998046875,49008.5,155.2100067138672,355.510009765625,38.790000915527344,,20.649999618530273
2021-03-30,14845.099609375,50136.578125,158.4199981689453,357.5799865722656,38.380001068115234,,20.489999771118164
2021-03-31,14690.7001953125,49509.1484375,157.16000366210938,359.79998779296875,38.16999816894531,,20.649999618530273
2021-04-01,14867.349609375,50029.828125,158.6999969482422,362.8999938964844,39.099998474121094,,19.989999771118164
2021-04-05,14637.7998046875,49159.3203125,156.9600067138672,359.95001220703125,39.33000183105469,,21.219999313354492
2021-04-06,14683.5,49201.390625,157.38999938964844,361.7900085449219,39.4900016784668,,20.84000015258789
2021-04-07,14819.0498046875,49661.76171875,158.82000732421875,365.6000061035156,40.11000061035156,,20.25
2021-04-08,14873.7998046875,49746.2109375,158.8699951171875,368.3299865722656,40.279998779296875,,20.309999465942383
2021-04-09,14834.849609375,49591.3203125,158.77999877929688,369.6199951171875,40.45000076293945,,19.790000915527344
2021-04-12,14310.7998046875,47883.37890625,154.0800018310547,353.6199951171875,40.4900016784668,,23.0
2021-04-13,14504.7998046875,48544.05859375,155.5,356.4200134277344,40.5099983215332,,20.459999084472656
2021-04-15,14581.4501953125,48803.6796875,155.92999267578125,357.7300109863281,40.720001220703125,,20.889999389648438
2021-04-16,14617.849609375,48832.03125,156.4199981689453,362.7099914550781,40.83000183105469,,20.399999618530273
2021-04-19,14359.4501953125,47949.421875,154.08999633789062,356.69000244140625,41.529998779296875,,22.489999771118164
2021-04-20,14296.400390625,47705.80078125,153.2899932861328,357.82000732421875,41.099998474121094,,22.43000030517578
2021-04-22,14406.150390625,48080.671875,154.27000427246094,358.2799987792969,41.47999954223633,,23.030000686645508
2021-04-23,14341.349609375,47878.44921875,153.86000061035156,359.1600036621094,41.52000045776367,,22.690000534057617
2021-04-26,14485.0,48386.51171875,155.1699981689453,360.1400146484375,41.22999954223633,,23.5
2021-04-27,14653.0498046875,48944.140625,156.8300018310547,363.239990234375,41.08000183105469,,23.079999923706055
2021-04-28,14864.5498046875,49733.83984375,158.89999389648438,364.5899963378906,40.63999938964844,,22.579999923706055
2021-04-29,14894.900390625,49765.94140625,159.10000610351562,364.2699890136719,40.720001220703125,,23.309999465942383
2021-04-30,14631.099609375,48782.359375,157.0,364.3399963378906,40.59000015258789,,23.030000686645508
2021-05-03,14634.150390625,48718.51953125,156.97000122070312,366.4599914550781,40.689998626708984,,23.690000534057617
2021-05-04,14496.5,48253.51171875,155.5500030517578,365.2799987792969,40.75,,23.010000228881836
2021-05-05,14617.849609375,48677.55078125,156.80999755859375,369.739990234375,40.529998779296875,,23.010000228881836
2021-05-06,14724.7998046875,48949.76171875,157.5399932861328,372.7900085449219,40.81999969482422,,22.040000915527344
2021-05-07,14823.150390625,48949.76171875,158.52999877929688,373.80999755859375,41.2400016784668,,20.81999969482422
2021-05-10,14942.349609375,49502.41015625,159.69000244140625,378.1499938964844,41.459999084472656,,20.229999542236328
2021-05-11,14850.75,49161.80859375,158.94000244140625,378.67999267578125,41.400001525878906,,20.229999542236328
2021-05-12,14696.5,48690.80078125,157.69000244140625,380.0299987792969,41.38999938964844,,20.079999923706055
2021-05-14,14677.7998046875,48732.55078125,157.47000122070312,374.8399963378906,41.4900016784668,,20.270000457763672
2021-05-17,14923.150390625,49580.73046875,159.52000427246094,377.67999267578125,41.83000183105469,,19.610000610351562
2021-05-18,15108.099609375,50193.328125,161.3699951171875,382.760009765625,42.09000015258789,,19.239999771118164
2021-05-19,15030.150390625,49902.640625,160.6699981689453,387.1000061035156,41.939998626708984,,19.31999969482422
2021-05-20,14906.0498046875,49564.859375,159.63999938964844,386.2799987792969,42.130001068115234,,19.31999969482422
2021-05-21,15175.2998046875,50540.48046875,162.10000610351562,386.5199890136719,42.16999816894531,,19.079999923706055
2021-05-24,15197.7001953125,50651.8984375,162.42999267578125,391.0899963378906,42.20000076293945,,19.1299991607666
2021-05-25,15208.4501953125,50637.53125,162.52999877929688,389.6600036621094,42.119998931884766,,19.1299991607666
2021-05-26,15301.4501953125,51017.51953125,163.4600067138672,389.5,42.63999938964844,,20.8700008392334
2021-05-27,15337.849609375,51115.21875,164.1199951171875,391.5400085449219,42.38999938964844,,19.90999984741211
2021-05-28,15435.650390625,51422.87890625,165.02000427246094,391.67999267578125,42.220001220703125,,17.399999618530273
2021-05-31,15582.7998046875,51937.44140625,166.7899932861328,393.5899963378906,42.59000015258789,,17.399999618530273
2021-06-01,15574.849609375,51934.87890625,166.8800048828125,394.2099914550781,42.83000183105469,,17.389999389648438
2021-06-02,15576.2001953125,51849.48046875,167.2899932861328,401.1400146484375,42.56999969482422,,17.209999084472656
2021-06-03,15690.349609375,52232.4296875,168.1699981689453,405.6700134277344,42.5099983215332,,15.75
2021-06-04,15670.25,52100.05078125,168.14999389648438,407.1600036621094,42.119998931884766,,15.9399995803833
2021-06-07,15751.650390625,52328.51171875,168.6300048828125,407.82000732421875,42.279998779296875,,15.569999694824219
2021-06-08,15740.099609375,52275.5703125,168.57000732421875,410.1199951171875,42.40999984741211,,15.229999542236328
2021-06-09,15635.349609375,51941.640625,167.58999633789062,405.9100036621094,42.5,,14.75
2021-06-10,15737.75,52300.46875,168.60000610351562,410.8699951171875,42.349998474121094,,15.0
2021-06-11,15799.349609375,52474.76171875,169.3300018310547,410.57000732421875,42.630001068115234,,14.100000381469727
2021-06-14,15811.849609375,52551.53125,169.55999755859375,409.7699890136719,42.029998779296875,,14.720000267028809
2021-06-15,15869.25,52773.05078125,170.27000427246094,410.8399963378906,42.04999923706055,,14.609999656677246
2021-06-16,15767.5498046875,52501.98046875,169.69000244140625,407.4599914550781,42.09000015258789,,14.869999885559082
2021-06-17,15691.400390625,52323.328125,168.7899932861328,402.8500061035156,41.349998474121094,,15.289999961853027
2021-06-18,15683.349609375,52344.44921875,168.6699981689453,401.2200012207031,40.959999084472656,,14.800000190734863
2021-06-21,15746.5,52574.4609375,169.07000732421875,403.3399963378906,40.95000076293945,,15.0600004196167
2021-06-22,15772.75,52588.7109375,169.41000366210938,407.2300109863281,40.93000030517578,,14.739999771118164
2021-06-23,15686.9501953125,52306.078125,168.67999267578125,402.8599853515625,41.0,,15.369999885559082
2021-06-24,15790.4501953125,52699.0,169.67999267578125,401.57000732421875,40.900001525878906,,15.100000381469727
2021-06-25,15860.349609375,52925.0390625,170.39999389648438,403.9599914550781,40.95000076293945,,13.369999885559082
2021-06-28,15814.7001953125,52735.58984375,169.85000610351562,403.9100036621094,40.81999969482422,,13.399999618530273
2021-06-29,15748.4501953125,52549.66015625,169.3300018310547,405.1600036621094,40.72999954223633,,13.0
2021-06-30,15721.5,52482.7109375,169.1300048828125,403.4599914550781,40.52000045776367,,13.050000190734863
2021-07-01,15680.0,52318.6015625,168.9199981689453,403.25,40.90999984741211,,12.84000015258789
2021-07-02,15722.2001953125,52484.671875,169.33999633789062,403.6300048828125,41.150001525878906,,12.09000015258789
2021-07-05,15834.349609375,52880.0,170.1300048828125,405.010009765625,41.20000076293945,,12.09000015258789
2021-07-06,15818.25,52861.1796875,170.1699981689453,405.8599853515625,41.61000061035156,,12.279999732971191
2021-07-07,15879.650390625,53054.76171875,170.4600067138672,406.7200012207031,41.720001220703125,,12.210000038146973
2021-07-08,15727.900390625,52568.94140625,169.47000122070312,406.54998779296875,41.7400016784668,,13.5600004196167
2021-07-09,15689.7998046875,52386.19140625,169.07000732421875,408.0400085449219,41.58000183105469,,12.9399995803833
2021-07-12,15692.599609375,52372.69140625,169.0399932861328,408.4599914550781,41.5,,12.989999771118164
2021-07-13,15812.349609375,52769.73046875,170.1699981689453,407.0899963378906,41.52000045776367,,12.619999885559082
2021-07-14,15853.9501953125,52904.05078125,170.60000610351562,407.010009765625,41.63999938964844,,12.59000015258789
2021-07-15,15924.2001953125,53158.8515625,171.27999877929688,408.3999938964844,41.97999954223633,,12.270000457763672
2021-07-16,15923.400390625,53140.05859375,171.41000366210938,409.760009765625,41.849998474121094,,11.710000038146973
2021-07-19,15752.400390625,52553.3984375,169.77000427246094,408.0299987792969,41.619998931884766,,12.680000305175781
2021-07-20,15632.099609375,52198.51171875,168.5399932861328,405.30999755859375,41.689998626708984,,13.210000038146973
2021-07-22,15824.0498046875,52837.2109375,170.36000061035156,409.739990234375,41.29999923706055,,11.890000343322754
2021-07-23,15856.0498046875,52975.80078125,170.57000732421875,410.010009765625,41.36000061035156,,11.760000228881836
2021-07-26,15824.4501953125,52852.26953125,170.27999877929688,412.1400146484375,41.400001525878906,,12.449999809265137
2021-07-27,15746.4501953125,52578.76171875,169.67999267578125,409.7099914550781,41.349998474121094,,13.229999542236328
2021-07-28,15709.400390625,52443.7109375,169.33999633789062,411.1400146484375,41.369998931884766,,13.6899995803833
2021-07-29,15778.4501953125,52653.0703125,169.9499969482422,410.7799987792969,41.68000030517578,,12.949999809265137
2021-07-30,15763.0498046875,52586.83984375,169.69000244140625,413.4599914550781,41.91999816894531,,12.800000190734863
2021-08-02,15885.150390625,52950.62890625,171.0,416.4800109863281,41.529998779296875,,12.8100004196167
2021-08-03,16130.75,53823.359375,173.27000427246094,418.20001220703125,41.47999954223633,,13.75
2021-08-04,16258.7998046875,54369.76953125,174.6699981689453,415.8599853515625,41.529998779296875,,13.210000038146973
2021-08-05,16294.599609375,54492.83984375,175.1300048828125,416.0899963378906,41.560001373291016,,12.869999885559082
2021-08-06,16238.2001953125,54277.71875,174.85000610351562,417.2300109863281,41.29999923706055,,12.609999656677246
2021-08-09,16258.25,54402.8515625,175.41000366210938,415.4800109863281,40.36000061035156,,12.609999656677246
2021-08-10,16280.099609375,54554.66015625,175.6300048828125,412.55999755859375,40.220001220703125,,12.710000038146973
2021-08-11,16282.25,54525.9296875,175.3699951171875,410.29998779296875,40.2599983215332,,12.710000038146973
2021-08-12,16364.400390625,54843.98046875,176.1699981689453,413.4700012207031,40.560001373291016,,12.369999885559082
2021-08-13,16529.099609375,55437.2890625,177.94000244140625,413.6000061035156,40.5,,12.989999771118164
2021-08-16,16563.05078125,55582.578125,178.60000610351562,414.3599853515625,40.779998779296875,,13.460000038146973
2021-08-17,16614.599609375,55792.26953125,178.91000366210938,415.8999938964844,41.18000030517578,,13.40999984741211
2021-08-18,16568.849609375,55629.48828125,178.75999450683594,418.32000732421875,41.029998779296875,,12.90999984741211
2021-08-20,16450.5,55329.3203125,177.32000732421875,413.0299987792969,40.970001220703125,,14.020000457763672
2021-08-23,16496.44921875,55555.7890625,178.10000610351562,411.239990234375,41.0099983215332,,13.6899995803833
2021-08-24,16624.599609375,55958.98046875,179.4600067138672,414.510009765625,41.18000030517578,,13.1899995803833
2021-08-25,16634.650390625,55944.2109375,179.47000122070312,414.989990234375,41.040000915527344,,13.5
2021-08-26,16636.900390625,55949.1015625,179.52000427246094,417.7300109863281,40.79999923706055,,13.539999961853027
2021-08-27,16705.19921875,56124.71875,180.24000549316406,422.0400085449219,40.86000061035156,,13.40999984741211
2021-08-30,16931.05078125,56889.76171875,182.57000732421875,428.20001220703125,41.0099983215332,,13.319999694824219
2021-08-31,17132.19921875,57552.390625,184.5500030517578,433.8800048828125,40.83000183105469,,14.520000457763672
2021-09-01,17076.25,57338.2109375,184.30999755859375,438.1400146484375,40.83000183105469,,14.1899995803833
2021-09-02,17234.150390625,57852.5390625,185.9600067138672,438.75,40.91999816894531,,14.239999771118164
2021-09-03,17323.599609375,58129.94921875,186.91000366210938,445.5799865722656,40.91999816894531,,14.539999961853027
2021-09-06,17377.80078125,58296.91015625,187.5500030517578,445.3299865722656,41.209999084472656,,15.109999656677246
2021-09-07,17362.099609375,58279.48046875,187.1699981689453,443.54998779296875,41.060001373291016,,14.899999618530273
2021-09-08,17353.5,58250.26171875,187.13999938964844,444.7200012207031,40.880001068115234,,14.40999984741211
2021-09-09,17369.25,58305.0703125,187.4199981689453,447.57000732421875,40.790000915527344,,13.9399995803833
2021-09-13,17355.30078125,58177.76171875,187.11000061035156,449.3900146484375,40.720001220703125,,14.029999732971191
2021-09-14,17380.0,58247.08984375,187.5399932861328,450.739990234375,40.72999954223633,,13.579999923706055
2021-09-15,17519.44921875,58723.19921875,189.00999450683594,451.8299865722656,40.959999084472656,,13.729999542236328
2021-09-16,17629.5,59141.16015625,190.22000122070312,455.260009765625,40.52000045776367,,14.40999984741211
2021-09-17,17585.150390625,59015.890625,189.82000732421875,452.75,40.20000076293945,,15.229999542236328
2021-09-20,17396.900390625,58490.9296875,187.86000061035156,444.260009765625,40.16999816894531,,17.489999771118164
2021-09-21,17562.0,59005.26953125,189.66000366210938,448.010009765625,40.22999954223633,,16.520000457763672
2021-09-22,17546.650390625,58927.328125,189.69000244140625,450.2200012207031,40.599998474121094,,16.489999771118164
2021-09-23,17822.94921875,59885.359375,192.2899932861328,453.20001220703125,40.34000015258789,,16.600000381469727
2021-09-24,17853.19921875,60048.46875,192.6300048828125,451.3399963378906,40.04999923706055,,16.920000076293945
2021-09-27,17855.099609375,60077.87890625,192.7899932861328,449.260009765625,40.0099983215332,,18.049999237060547
2021-09-28,17748.599609375,59667.6015625,191.44000244140625,447.44000244140625,39.939998626708984,,18.540000915527344
2021-09-29,17711.30078125,59413.26953125,191.14999389648438,444.739990234375,40.02000045776367,,18.84000015258789
2021-09-30,17618.150390625,59126.359375,190.11000061035156,444.2900085449219,39.720001220703125,,18.399999618530273
2021-10-01,17532.05078125,58765.578125,189.22000122070312,443.54998779296875,40.209999084472656,,17.209999084472656
2021-10-04,17691.25,59299.3203125,191.02999877929688,449.67999267578125,40.2400016784668,,16.739999771118164
2021-10-05,17822.30078125,59744.87890625,192.1999969482422,453.5899963378906,40.349998474121094,,16.399999618530273
2021-10-06,17646.0,59189.73046875,190.19000244140625,449.9700012207031,40.45000076293945,,17.329999923706055
2021-10-07,17790.349609375,59677.828125,191.82000732421875,454.30999755859375,40.54999923706055,,16.15999984741211
2021-10-08,17895.19921875,60059.05859375,192.5800018310547,453.0799865722656,40.540000915527344,,15.649999618530273
2021-10-11,17945.94921875,60135.78125,193.08999633789062,454.760009765625,40.70000076293945,,16.09000015258789
2021-10-12,17991.94921875,60284.30859375,193.66000366210938,457.9599914550781,40.84000015258789,,15.850000381469727
2021-10-13,18161.75,60737.05078125,195.55999755859375,462.9599914550781,40.91999816894531,,16.100000381469727
2021-10-14,18338.55078125,61305.94921875,197.11000061035156,466.8599853515625,41.52000045776367,,15.770000457763672
2021-10-18,18477.05078125,61765.58984375,198.91000366210938,468.1300048828125,40.97999954223633,,17.18000030517578
2021-10-19,18418.75,61716.05078125,198.41000366210938,463.2699890136719,41.20000076293945,,17.3799991607666
2021-10-20,18266.599609375,61259.9609375,197.3000030517578,453.3399963378906,41.060001373291016,,18.309999465942383
2021-10-21,18178.099609375,60923.5,196.0800018310547,450.8800048828125,41.16999816894531,,18.040000915527344
2021-10-22,18114.900390625,60821.62109375,195.67999267578125,444.260009765625,41.290000915527344,,17.549999237060547
2021-10-25,18125.400390625,60967.05078125,195.7100067138672,440.1700134277344,41.58000183105469,,17.610000610351562
2021-10-26,18268.400390625,61350.26171875,197.1300048828125,445.4599914550781,41.65999984741211,,16.75
2021-10-27,18210.94921875,61143.328125,196.5399932861328,447.7200012207031,41.33000183105469,,16.829999923706055
2021-10-28,17857.25,59984.69921875,193.67999267578125,441.55999755859375,41.56999969482422,,17.90999984741211
2021-10-29,17671.650390625,59306.9296875,191.16000366210938,440.75,41.5,,17.43000030517578
2021-11-01,17929.650390625,60138.4609375,193.83999633789062,445.760009765625,41.279998779296875,,17.239999771118164
2021-11-02,17888.94921875,60029.05859375,193.10000610351562,447.04998779296875,41.45000076293945,,17.059999465942383
2021-11-03,17829.19921875,59771.921875,192.5800018310547,448.25,41.099998474121094,,16.1299991607666
2021-11-04,17916.80078125,60067.62109375,193.58999633789062,452.1199951171875,41.36000061035156,,15.75
2021-11-08,18068.55078125,60545.609375,195.3699951171875,456.8999938964844,41.5,,16.34000015258789
2021-11-09,18044.25,60433.44921875,194.8800048828125,459.5299987792969,41.66999816894531,,16.0
2021-11-10,18017.19921875,60352.8203125,194.66000366210938,460.6499938964844,41.790000915527344,,16.309999465942383
2021-11-11,17873.599609375,59919.69140625,193.25,458.82000732421875,42.70000076293945,,16.350000381469727
2021-11-12,18102.75,60686.69140625,195.4600067138672,463.6300048828125,42.45000076293945,,15.220000267028809
2021-11-15,18109.44921875,60718.7109375,195.52000427246094,465.75,42.650001525878906,,15.470000267028809
2021-11-16,17999.19921875,60322.37109375,194.47000122070312,464.80999755859375,42.79999923706055,,15.199999809265137
2021-11-17,17898.650390625,60008.328125,193.52999877929688,464.2699890136719,42.540000915527344,,14.979999542236328
2021-11-18,17764.80078125,59636.01171875,192.13999938964844,457.6700134277344,42.61000061035156,,14.859999656677246
2021-11-22,17416.55078125,58465.890625,188.52999877929688,449.1400146484375,42.22999954223633,,17.520000457763672
2021-11-23,17503.349609375,58664.328125,189.39999389648438,455.6700134277344,41.34000015258789,,18.020000457763672
2021-11-24,17415.05078125,58340.98828125,188.25,453.42999267578125,41.20000076293945,,17.100000381469727
2021-11-25,17536.25,58795.08984375,189.50999450683594,457.1099853515625,41.29999923706055,,16.65999984741211
2021-11-26,17026.44921875,57107.1484375,184.50999450683594,446.010009765625,41.77000045776367,,20.799999237060547
2021-11-29,17053.94921875,57260.578125,184.5500030517578,439.5400085449219,41.619998931884766,,20.829999923706055
2021-11-30,16983.19921875,57064.87109375,183.6999969482422,439.739990234375,41.5099983215332,,21.170000076293945
2021-12-01,17166.900390625,57684.7890625,185.72000122070312,440.95001220703125,41.209999084472656,,19.450000762939453
2021-12-02,17401.650390625,58461.2890625,187.99000549316406,444.57000732421875,40.97999954223633,,18.09000015258789
2021-12-03,17196.69921875,57696.4609375,186.0,444.6000061035156,40.91999816894531,,18.450000762939453
2021-12-06,16912.25,56747.140625,183.00999450683594,436.510009765625,41.29999923706055,,20.079999923706055
2021-12-07,17176.69921875,57633.6484375,185.7100067138672,442.30999755859375,41.220001220703125,,18.459999084472656
2021-12-08,17469.75,58649.6796875,188.47999572753906,447.8500061035156,41.470001220703125,,17.270000457763672
2021-12-09,17516.849609375,58807.12890625,189.13999938964844,448.0799865722656,41.349998474121094,,16.600000381469727
2021-12-10,17511.30078125,58786.671875,189.08999633789062,450.8399963378906,41.27000045776367,,16.059999465942383
2021-12-13,17368.25,58283.421875,187.89999389648438,448.9200134277344,41.54999923706055,,16.56999969482422
2021-12-14,17324.900390625,58117.08984375,187.3300018310547,450.010009765625,41.54999923706055,,16.950000762939453
2021-12-15,17221.400390625,57788.03125,186.25,446.30999755859375,41.470001220703125,,17.219999313354492
2021-12-16,17248.400390625,57901.140625,186.6199951171875,445.55999755859375,41.720001220703125,,15.899999618530273
2021-12-17,16985.19921875,57011.73828125,183.77000427246094,434.8299865722656,42.13999938964844,1002.5,16.34000015258789
2021-12-20,16614.19921875,55822.01171875,179.92999267578125,422.6600036621094,41.86000061035156,1001.3800048828125,18.969999313354492
2021-12-21,16770.849609375,56319.01171875,181.4499969482422,428.8800048828125,41.689998626708984,1002.8599853515625,17.540000915527344
2021-12-22,16955.44921875,56930.55859375,183.3300018310547,435.4100036621094,41.52000045776367,999.6199951171875,16.579999923706055
2021-12-23,17072.599609375,57315.28125,184.10000610351562,438.75,41.689998626708984,1001.8400268554688,15.829999923706055
2021-12-24,17003.75,57124.30859375,183.4499969482422,436.3299865722656,41.709999084472656,1001.2999877929688,16.149999618530273
2021-12-27,17086.25,57420.23828125,184.5500030517578,437.54998779296875,41.59000015258789,1000.4400024414062,17.1200008392334
2021-12-28,17233.25,57897.48046875,186.3000030517578,441.05999755859375,41.61000061035156,1000.8200073242188,16.479999542236328
2021-12-29,17213.599609375,57806.48828125,186.1199951171875,440.1300048828125,41.5,1001.47998046875,16.239999771118164
2021-12-30,17203.94921875,57794.3203125,186.13999938964844,437.1600036621094,41.220001220703125,1004.0499877929688,16.56999969482422
2021-12-31,17354.05078125,58253.8203125,187.7899932861328,443.82000732421875,41.47999954223633,1003.1099853515625,16.219999313354492
2022-01-03,17625.69921875,59183.21875,190.72000122070312,446.80999755859375,41.72999954223633,1003.280029296875,16.450000762939453
2022-01-04,17805.25,59855.9296875,192.4600067138672,448.5299987792969,41.459999084472656,1003.1599731445312,16.1200008392334
2022-01-05,17925.25,60223.1484375,193.33999633789062,447.1600036621094,41.560001373291016,1003.989990234375,17.229999542236328
2022-01-06,17745.900390625,59601.83984375,191.9199981689453,446.9100036621094,41.2400016784668,1002.9600219726562,17.979999542236328
2022-01-07,17812.69921875,59744.6484375,192.4199981689453,450.07000732421875,41.09000015258789,1002.3499755859375,17.600000381469727
2022-01-10,18003.30078125,60395.62890625,194.35000610351562,450.82000732421875,41.06999969482422,1000.8599853515625,17.68000030517578
2022-01-11,18055.75,60616.890625,194.69000244140625,451.75,41.209999084472656,998.0900268554688,17.760000228881836
2022-01-12,18212.349609375,61150.0390625,196.1999969482422,453.2900085449219,41.33000183105469,999.5399780273438,17.18000030517578
2022-01-13,18257.80078125,61235.30078125,197.0,456.3399963378906,41.41999816894531,997.8699951171875,16.700000762939453
2022-01-14,18255.75,61223.03125,197.36000061035156,457.2799987792969,41.529998779296875,1000.02001953125,16.559999465942383
2022-01-17,18308.099609375,61308.91015625,198.02999877929688,459.07000732421875,41.529998779296875,999.969970703125,16.770000457763672
2022-01-18,18113.05078125,60754.859375,195.97000122070312,451.5,41.52000045776367,999.77001953125,17.780000686645508
2022-01-19,17938.400390625,60098.8203125,194.17999267578125,451.29998779296875,41.599998474121094,998.7100219726562,17.81999969482422
2022-01-20,17757.0,59464.62109375,192.17999267578125,450.95001220703125,42.04999923706055,999.010009765625,17.790000915527344
2022-01-21,17617.150390625,59037.1796875,190.63999938964844,443.5400085449219,41.84000015258789,1000.3900146484375,18.889999389648438
2022-01-24,17149.099609375,57491.51171875,185.7899932861328,427.95001220703125,42.040000915527344,998.52001953125,22.829999923706055
2022-01-25,17277.94921875,57858.1484375,187.07000732421875,431.4800109863281,42.060001373291016,998.9400024414062,21.360000610351562
2022-01-27,17110.150390625,57276.94140625,185.3300018310547,423.3900146484375,41.81999969482422,998.5,21.06999969482422
2022-01-28,17101.94921875,57200.23046875,185.10000610351562,428.739990234375,41.43000030517578,999.5499877929688,20.700000762939453
2022-01-31,17339.849609375,58014.171875,187.6300048828125,432.30999755859375,41.25,999.75,21.950000762939453
2022-02-01,17576.849609375,58862.5703125,189.6999969482422,437.2200012207031,41.54999923706055,998.9000244140625,19.979999542236328
2022-02-02,17780.0,59558.328125,192.1199951171875,444.1099853515625,41.5099983215332,997.75,18.649999618530273
2022-02-03,17560.19921875,58788.01953125,190.00999450683594,441.7200012207031,41.560001373291016,998.489990234375,19.15999984741211
2022-02-04,17516.30078125,58644.8203125,189.58999633789062,441.5299987792969,41.599998474121094,995.8599853515625,18.899999618530273
2022-02-07,17213.599609375,57621.19140625,186.33999633789062,438.6199951171875,41.630001068115234,996.8699951171875,20.440000534057617
2022-02-08,17266.75,57808.578125,186.80999755859375,437.1199951171875,41.81999969482422,995.25,19.68000030517578
2022-02-09,17463.80078125,58465.96875,189.02999877929688,441.94000244140625,41.9900016784668,995.969970703125,18.559999465942383
2022-02-10,17605.849609375,58926.03125,190.11000061035156,443.19000244140625,42.16999816894531,999.469970703125,17.709999084472656
2022-02-11,17374.75,58152.921875,188.0,437.1499938964844,42.189998626708984,998.8499755859375,18.68000030517578
2022-02-14,16842.80078125,56405.83984375,182.58999633789062,422.7900085449219,42.959999084472656,1000.3200073242188,22.979999542236328
2022-02-15,17352.44921875,58142.05078125,187.58999633789062,430.7300109863281,42.720001220703125,1002.5499877929688,20.610000610351562
2022-02-16,17322.19921875,57996.6796875,187.13999938964844,431.6600036621094,42.63999938964844,1002.0999755859375,20.59000015258789
2022-02-17,17304.599609375,57892.01171875,186.92999267578125,431.25,43.38999938964844,1004.9299926757812,22.010000228881836
2022-02-18,17276.30078125,57832.96875,186.63999938964844,428.05999755859375,43.18000030517578,1005.0499877929688,22.170000076293945
2022-02-21,17206.650390625,57683.58984375,186.2899932861328,423.05999755859375,43.099998474121094,1003.75,22.899999618530273
2022-02-22,17092.19921875,57300.6796875,185.27000427246094,421.7200012207031,43.380001068115234,1004.4500122070312,26.65999984741211
2022-02-23,17063.25,57232.05859375,185.0500030517578,425.6700134277344,43.09000015258789,1004.969970703125,24.540000915527344
2022-02-24,16247.9501953125,54529.91015625,178.36000061035156,403.29998779296875,44.619998931884766,1002.8599853515625,31.979999542236328
2022-02-25,16658.400390625,55858.51953125,180.85000610351562,416.95001220703125,43.619998931884766,1004.969970703125,26.739999771118164
2022-02-28,16793.900390625,56247.28125,181.83999633789062,420.92999267578125,43.59000015258789,1004.969970703125,28.56999969482422
2022-03-02,16605.94921875,55468.8984375,180.10000610351562,420.1000061035156,44.38999938964844,1004.6199951171875,29.229999542236328
2022-03-03,16498.05078125,55102.6796875,178.86000061035156,421.239990234375,44.400001525878906,1003.9099731445312,28.15999984741211
2022-03-04,16245.349609375,54333.80859375,176.25999450683594,410.2900085449219,44.650001525878906,1001.4500122070312,27.959999084472656
2022-03-07,15863.150390625,52842.75,172.3300018310547,403.9700012207031,46.0,1000.1199951171875,29.329999923706055
2022-03-08,16013.4501953125,53424.08984375,173.39999389648438,405.75,45.93000030517578,1001.0499877929688,28.59000015258789
2022-03-09,16345.349609375,54647.328125,176.97999572753906,412.4100036621094,45.65999984741211,1002.9600219726562,27.469999313354492
2022-03-10,16594.900390625,55464.390625,179.64999389648438,418.4700012207031,44.79999923706055,1001.7100219726562,25.579999923706055
2022-03-11,16630.44921875,55550.30078125,179.97999572753906,420.6199951171875,45.279998779296875,1001.280029296875,25.350000381469727
2022-03-14,16871.30078125,56486.01953125,182.61000061035156,421.05999755859375,44.63999938964844,1002.0499877929688,25.68000030517578
2022-03-15,16663.0,55776.8515625,180.60000610351562,416.82000732421875,44.33000183105469,1002.5,26.729999542236328
2022-03-16,16975.349609375,56816.6484375,183.66000366210938,426.20001220703125,44.22999954223633,1003.0800170898438,24.1200008392334
2022-03-17,17287.05078125,57863.9296875,186.7100067138672,431.25,44.22999954223633,1005.9600219726562,22.610000610351562
2022-03-21,17117.599609375,57292.48828125,185.3800048828125,427.5899963378906,44.13999938964844,1008.8699951171875,24.6200008392334
2022-03-22,17315.5,57989.30078125,187.33999633789062,427.760009765625,44.31999969482422,1008.8499755859375,24.06999969482422
2022-03-23,17245.650390625,57684.8203125,186.33999633789062,428.67999267578125,44.41999816894531,1007.2100219726562,24.75
2022-03-24,17222.75,57595.6796875,186.08999633789062,429.79998779296875,44.58000183105469,1008.0700073242188,23.93000030517578
2022-03-25,17153.0,57362.19921875,185.82000732421875,428.7300109863281,44.790000915527344,1009.8699951171875,23.43000030517578
2022-03-28,17222.0,57593.48828125,186.32000732421875,428.2799987792969,44.4900016784668,1009.8900146484375,22.610000610351562
2022-03-29,17325.30078125,57943.6484375,187.22000122070312,430.32000732421875,44.18000030517578,1008.719970703125,21.299999237060547
2022-03-30,17498.25,58683.98828125,188.91000366210938,432.9700012207031,44.11000061035156,1009.52001953125,20.610000610351562
2022-03-31,17464.75,58568.51171875,188.8699951171875,434.1300048828125,44.119998931884766,1009.5499877929688,20.559999465942383
2022-04-01,17670.44921875,59276.69140625,190.47000122070312,438.2699890136719,44.56999969482422,1012.0399780273438,18.43000030517578
2022-04-04,18053.400390625,60611.73828125,195.19000244140625,447.9100036621094,44.220001220703125,1011.6599731445312,17.90999984741211
2022-04-05,17957.400390625,60176.5,194.5500030517578,451.239990234375,44.310001373291016,1011.5999755859375,18.489999771118164
2022-04-06,17807.650390625,59610.41015625,193.0,452.29998779296875,44.4900016784668,1012.47998046875,19.020000457763672
2022-04-07,17639.55078125,59034.94921875,191.25999450683594,451.19000244140625,44.63999938964844,1013.9400024414062,19.0
2022-04-08,17784.349609375,59447.1796875,192.75999450683594,458.29998779296875,44.65999984741211,1013.9000244140625,17.690000534057617
2022-04-11,17674.94921875,58964.5703125,191.6699981689453,463.5299987792969,45.220001220703125,1008.3200073242188,18.270000457763672
2022-04-12,17530.30078125,58576.37109375,190.4199981689453,456.0400085449219,45.20000076293945,1007.4099731445312,18.15999984741211
2022-04-13,17475.650390625,58338.9296875,189.5399932861328,458.6700134277344,45.72999954223633,1005.030029296875,17.790000915527344
2022-04-18,17173.650390625,57166.73828125,186.22999572753906,455.5799865722656,46.189998626708984,1006.1199951171875,19.34000015258789
2022-04-19,16958.650390625,56463.1484375,183.67999267578125,448.989990234375,45.97999954223633,1005.969970703125,19.770000457763672
2022-04-20,17136.55078125,57037.5,185.86000061035156,450.2200012207031,45.220001220703125,1005.219970703125,18.670000076293945
2022-04-21,17392.599609375,57911.6796875,188.10000610351562,455.30999755859375,45.209999084472656,1004.9600219726562,17.850000381469727
2022-04-22,17171.94921875,57197.1484375,186.08999633789062,453.1499938964844,45.33000183105469,1004.8800048828125,18.350000381469727
2022-04-25,16953.94921875,56579.890625,183.86000061035156,443.7799987792969,44.900001525878906,1004.9600219726562,21.260000228881836
2022-04-26,17200.80078125,57356.609375,186.11000061035156,453.7699890136719,44.63999938964844,1003.2100219726562,19.190000534057617
2022-04-27,17038.400390625,56819.390625,184.77999877929688,448.7200012207031,44.43000030517578,1004.7000122070312,20.610000610351562
2022-04-28,17245.05078125,57521.05859375,186.41000366210938,453.57000732421875,44.33000183105469,1005.3200073242188,19.3799991607666
2022-04-29,17102.55078125,57060.87109375,185.42999267578125,449.25,44.790000915527344,1005.4600219726562,19.420000076293945
2022-05-02,17069.099609375,56975.98828125,185.1199951171875,446.3900146484375,44.15999984741211,1003.9500122070312,20.280000686645508
2022-05-04,16677.599609375,55669.03125,181.0500030517578,434.4599914550781,43.97999954223633,1002.0700073242188,21.8799991607666
2022-05-05,16682.650390625,55702.23046875,181.00999450683594,435.44000244140625,44.540000915527344,997.72998046875,20.290000915527344
2022-05-06,16411.25,54835.578125,177.94000244140625,425.8800048828125,44.54999923706055,994.4500122070312,21.25
2022-05-09,16301.849609375,54470.671875,176.9499969482422,418.70001220703125,44.41999816894531,983.9600219726562,22.030000686645508
2022-05-10,16240.0498046875,54364.8515625,176.16000366210938,408.989990234375,44.2599983215332,983.9500122070312,22.299999237060547
2022-05-11,16167.099609375,54088.390625,175.33999633789062,408.3900146484375,44.060001373291016,985.2999877929688,22.799999237060547
2022-05-12,15808.0,52930.30859375,171.72000122070312,398.3399963378906,44.02000045776367,984.5900268554688,24.270000457763672
2022-05-13,15782.150390625,52793.62109375,171.39999389648438,395.9700012207031,43.41999816894531,983.5399780273438,23.489999771118164
2022-05-16,15842.2998046875,52973.83984375,172.1300048828125,401.3800048828125,43.13999938964844,982.9600219726562,24.530000686645508
2022-05-17,16259.2998046875,54318.46875,176.44000244140625,410.4200134277344,43.540000915527344,984.8099975585938,22.739999771118164
2022-05-18,16240.2998046875,54208.53125,176.0500030517578,412.5400085449219,43.38999938964844,982.8400268554688,22.299999237060547
2022-05-19,15809.400390625,52792.23046875,171.6999969482422,401.3500061035156,43.59000015258789,984.8599853515625,24.559999465942383
2022-05-20,16266.150390625,54326.390625,175.9199981689453,406.25,43.91999816894531,981.510009765625,23.100000381469727
2022-05-23,16214.7001953125,54288.609375,175.52999877929688,403.9599914550781,44.25,983.1400146484375,23.399999618530273
2022-05-24,16125.150390625,54052.609375,175.08999633789062,400.4599914550781,44.06999969482422,983.6199951171875,25.639999389648438
2022-05-25,16025.7998046875,53749.26171875,174.1300048828125,393.8299865722656,44.119998931884766,982.8900146484375,25.280000686645508
2022-05-26,16170.150390625,54252.53125,175.57000732421875,398.0,43.869998931884766,983.8400268554688,22.719999313354492
2022-05-27,16352.4501953125,54884.66015625,177.10000610351562,400.6300048828125,44.08000183105469,984.25,21.479999542236328
2022-05-30,16661.400390625,55925.73828125,180.42999267578125,410.57000732421875,43.97999954223633,983.3599853515625,19.979999542236328
2022-05-31,16584.55078125,55566.41015625,179.8699951171875,411.45001220703125,43.95000076293945,982.6500244140625,20.479999542236328
2022-06-01,16522.75,55381.171875,179.58999633789062,407.6499938964844,43.52000045776367,983.010009765625,20.850000381469727
2022-06-02,16628.0,55818.109375,180.67999267578125,409.55999755859375,43.97999954223633,983.780029296875,20.31999969482422
2022-06-03,16584.30078125,55769.23046875,180.2100067138672,403.9599914550781,44.150001525878906,982.9299926757812,19.979999542236328
2022-06-06,16569.55078125,55675.3203125,180.14999389648438,402.6300048828125,44.0,981.97998046875,20.200000762939453
2022-06-07,16416.349609375,55107.33984375,178.55999755859375,399.3800048828125,43.86000061035156,979.6099853515625,20.43000030517578
2022-06-08,16356.25,54892.48828125,178.0800018310547,399.010009765625,43.880001068115234,980.0,19.84000015258789
2022-06-09,16478.099609375,55320.28125,179.39999389648438,401.2900085449219,43.95000076293945,980.8200073242188,19.139999389648438
2022-06-10,16201.7998046875,54303.44140625,176.4600067138672,397.67999267578125,43.810001373291016,980.0,19.579999923706055
2022-06-13,15774.400390625,52846.69921875,171.8699951171875,389.30999755859375,44.189998626708984,979.260009765625,22.3700008392334
2022-06-14,15732.099609375,52693.5703125,171.3000030517578,390.3599853515625,43.56999969482422,977.2899780273438,21.889999389648438
2022-06-15,15692.150390625,52541.390625,171.10000610351562,391.2300109863281,43.61000061035156,977.4400024414062,22.149999618530273
2022-06-16,15360.599609375,51495.7890625,167.55999755859375,383.17999267578125,43.720001220703125,975.9600219726562,22.8700008392334
2022-06-17,15293.5,51360.421875,166.8699951171875,377.239990234375,44.08000183105469,974.989990234375,22.760000228881836
2022-06-20,15350.150390625,51597.83984375,167.30999755859375,374.260009765625,43.81999969482422,976.989990234375,22.40999984741211
2022-06-21,15638.7998046875,52532.0703125,170.25999450683594,382.739990234375,43.779998779296875,977.010009765625,21.139999389648438
2022-06-22,15413.2998046875,51822.53125,168.0800018310547,377.6300048828125,43.68000030517578,979.5,21.299999237060547
2022-06-23,15556.650390625,52265.71875,169.7100067138672,380.6099853515625,43.7599983215332,981.3499755859375,20.8799991607666
2022-06-24,15699.25,52727.98046875,171.16000366210938,386.6600036621094,43.65999984741211,979.280029296875,20.549999237060547
2022-06-27,15832.0498046875,53161.28125,172.6199951171875,389.9800109863281,43.869998931884766,980.9600219726562,21.010000228881836
2022-06-28,15850.2001953125,53177.44921875,172.64999389648438,390.44000244140625,43.79999923706055,978.3400268554688,21.450000762939453
2022-06-29,15799.099609375,53026.96875,171.86000061035156,387.3800048828125,43.7599983215332,981.0,21.899999618530273
2022-06-30,15780.25,53018.94140625,171.60000610351562,385.510009765625,43.7599983215332,979.4400024414062,21.84000015258789
2022-07-01,15752.0498046875,52907.9296875,171.63999938964844,390.17999267578125,44.36000061035156,981.3400268554688,21.25
2022-07-04,15835.349609375,53234.76953125,172.6300048828125,392.6400146484375,44.68000030517578,983.0,20.969999313354492
2022-07-05,15810.849609375,53134.3515625,172.0399932861328,393.9800109863281,44.79999923706055,986.6099853515625,20.790000915527344
2022-07-06,15989.7998046875,53750.96875,174.1199951171875,399.67999267578125,44.16999816894531,989.8699951171875,20.270000457763672
2022-07-07,16132.900390625,54178.4609375,175.5399932861328,404.4200134277344,43.59000015258789,989.6799926757812,19.200000762939453
2022-07-08,16220.599609375,54481.83984375,176.27999877929688,405.25,43.56999969482422,987.5499877929688,18.399999618530273
2022-07-11,16216.0,54395.23046875,176.22999572753906,410.4599914550781,43.560001373291016,985.9299926757812,18.3700008392334
2022-07-12,16058.2998046875,53886.609375,175.10000610351562,409.4599914550781,43.619998931884766,987.6300048828125,18.549999237060547
2022-07-13,15966.650390625,53514.1484375,174.05999755859375,409.9800109863281,43.439998626708984,989.8800048828125,18.520000457763672
2022-07-14,15938.650390625,53416.1484375,173.92999267578125,408.3299865722656,43.29999923706055,988.0,18.34000015258789
2022-07-15,16049.2001953125,53760.78125,175.02000427246094,411.5,43.11000061035156,987.5900268554688,17.600000381469727
2022-07-18,16278.5,54521.1484375,177.38999938964844,416.010009765625,43.54999923706055,988.239990234375,17.15999984741211
2022-07-19,16340.5498046875,54767.62109375,177.8800048828125,419.32000732421875,43.38999938964844,991.489990234375,17.200000762939453
2022-07-20,16520.849609375,55397.53125,179.52999877929688,420.2099914550781,43.38999938964844,991.5,16.81999969482422
2022-07-21,16605.25,55681.94921875,180.5399932861328,425.1499938964844,43.029998779296875,992.3099975585938,16.860000610351562
2022-07-22,16719.44921875,56072.23046875,181.88999938964844,424.6300048828125,43.689998626708984,992.8900146484375,16.649999618530273
2022-07-25,16631.0,55766.21875,181.4600067138672,423.760009765625,43.599998474121094,992.0399780273438,17.68000030517578
2022-07-26,16483.849609375,55268.48828125,179.91000366210938,418.3500061035156,43.459999084472656,990.260009765625,18.170000076293945
2022-07-27,16641.80078125,55816.3203125,181.60000610351562,420.8999938964844,43.56999969482422,990.25,18.1299991607666
2022-07-28,16929.599609375,56857.7890625,184.17999267578125,425.8399963378906,44.02000045776367,991.1500244140625,17.010000228881836
2022-07-29,17158.25,57570.25,186.5399932861328,432.1000061035156,44.060001373291016,995.4199829101562,16.549999237060547
2022-08-01,17340.05078125,58115.5,188.6300048828125,437.5199890136719,44.220001220703125,998.780029296875,17.489999771118164
2022-08-02,17345.44921875,58136.359375,188.6199951171875,439.3999938964844,44.18000030517578,1000.0700073242188,18.530000686645508
2022-08-03,17388.150390625,58350.53125,189.11000061035156,437.7200012207031,44.189998626708984,1000.5,18.450000762939453
2022-08-04,17382.0,58298.80078125,189.1699981689453,440.0299987792969,44.65999984741211,1000.4500122070312,19.260000228881836
2022-08-05,17397.5,58387.9296875,189.25,440.19000244140625,44.720001220703125,1004.3800048828125,18.920000076293945
2022-08-08,17525.099609375,58853.0703125,190.7899932861328,442.1499938964844,44.619998931884766,1001.75,19.299999237060547
2022-08-10,17534.75,58817.2890625,191.0399932861328,441.6300048828125,44.869998931884766,1003.469970703125,19.59000015258789
2022-08-11,17659.0,59332.6015625,192.33999633789062,444.0899963378906,44.90999984741211,1003.8599853515625,18.360000610351562
2022-08-12,17698.150390625,59462.78125,192.86000061035156,446.9800109863281,45.0,1005.7899780273438,17.610000610351562
2022-08-16,17825.25,59842.2109375,194.08999633789062,452.75,44.650001525878906,1006.260009765625,17.68000030517578
2022-08-17,17944.25,60260.12890625,195.5500030517578,457.5400085449219,44.599998474121094,1007.010009765625,17.68000030517578
2022-08-18,17956.5,60298.0,195.7100067138672,460.8399963378906,44.54999923706055,1008.4099731445312,17.350000381469727
2022-08-19,17758.44921875,59646.1484375,193.61000061035156,454.6199951171875,44.41999816894531,1008.6699829101562,18.290000915527344
2022-08-22,17490.69921875,58773.87109375,190.9499969482422,447.2099914550781,43.9900016784668,1008.969970703125,19.040000915527344
2022-08-23,17577.5,59031.30078125,192.19000244140625,450.17999267578125,44.150001525878906,1011.6599731445312,19.049999237060547
2022-08-24,17604.94921875,59085.4296875,192.6300048828125,451.489990234375,44.33000183105469,1010.1199951171875,18.43000030517578
2022-08-25,17522.44921875,58774.71875,191.77999877929688,451.79998779296875,44.63999938964844,1011.5599975585938,19.56999969482422
2022-08-26,17558.900390625,58833.87109375,191.9199981689453,454.7699890136719,44.29999923706055,1014.5800170898438,18.219999313354492
2022-08-29,17312.900390625,57972.62109375,189.44000244140625,452.92999267578125,43.849998474121094,1012.219970703125,19.81999969482422
2022-08-30,17759.30078125,59537.0703125,193.9199981689453,462.17999267578125,43.900001525878906,1013.6199951171875,18.700000762939453
2022-09-01,17542.80078125,58766.58984375,191.82000732421875,461.19000244140625,43.349998474121094,1017.22998046875,19.8700008392334
2022-09-02,17539.44921875,58803.328125,191.61000061035156,460.75,43.369998931884766,1018.3200073242188,19.549999237060547
2022-09-05,17665.80078125,59245.98046875,192.97999572753906,461.04998779296875,43.540000915527344,1019.969970703125,19.65999984741211
2022-09-06,17655.599609375,59196.98828125,192.47999572753906,464.5899963378906,43.5,1022.0,19.520000457763672
2022-09-07,17624.400390625,59028.91015625,192.3699951171875,466.010009765625,43.40999984741211,1021.0,19.3700008392334
2022-09-08,17798.75,59688.21875,194.0,467.07000732421875,43.599998474121094,1023.0,18.309999465942383
2022-09-09,17833.349609375,59793.140625,194.60000610351562,467.17999267578125,43.65999984741211,1022.030029296875,17.719999313354492
2022-09-12,17936.349609375,60115.12890625,195.63999938964844,472.0299987792969,43.599998474121094,1024.3199462890625,17.940000534057617
2022-09-13,18070.05078125,60571.078125,196.9499969482422,475.239990234375,43.5,1025.27001953125,17.469999313354492
2022-09-14,18003.75,60346.96875,196.27000427246094,476.6700134277344,43.18000030517578,1024.449951171875,18.280000686645508
2022-09-15,17877.400390625,59934.01171875,195.69000244140625,480.3800048828125,43.04999923706055,1022.6699829101562,18.389999389648438
2022-09-16,17530.849609375,58840.7890625,191.89999389648438,467.1199951171875,42.2599983215332,1020.0900268554688,19.81999969482422
2022-09-19,17622.25,59141.23046875,192.75,468.1600036621094,42.34000015258789,1021.5700073242188,19.940000534057617
2022-09-20,17816.25,59719.73828125,194.44000244140625,472.489990234375,42.4900016784668,1020.510009765625,18.799999237060547
2022-09-21,17718.349609375,59456.78125,193.5,466.2699890136719,42.70000076293945,1013.260009765625,19.329999923706055
2022-09-22,17629.80078125,59119.71875,192.9199981689453,468.1700134277344,42.9900016784668,1018.010009765625,18.81999969482422
2022-09-23,17327.349609375,58098.921875,189.63999938964844,459.95001220703125,42.81999969482422,1013.9000244140625,20.59000015258789
2022-09-26,17016.30078125,57145.21875,186.2100067138672,447.5199890136719,42.63999938964844,1000.0999755859375,21.889999389648438
2022-09-27,17007.400390625,57107.51953125,186.0500030517578,448.5400085449219,42.41999816894531,1006.6900024414062,21.56999969482422
2022-09-28,16858.599609375,56598.28125,184.47000122070312,445.5,42.29999923706055,1006.3499755859375,22.100000381469727
2022-09-29,16818.099609375,56409.9609375,184.07000732421875,444.5299987792969,42.900001525878906,1007.4099731445312,21.299999237060547
2022-09-30,17094.349609375,57426.921875,186.8300018310547,447.75,43.15999984741211,1005.1199951171875,19.969999313354492
2022-10-03,16887.349609375,56788.80859375,184.25,438.5400085449219,43.13999938964844,1008.9000244140625,21.3700008392334
2022-10-04,17274.30078125,58065.46875,188.2899932861328,448.8299865722656,44.04999923706055,1010.5499877929688,19.56999969482422
2022-10-06,17331.80078125,58222.1015625,188.94000244140625,452.2699890136719,44.279998779296875,1010.739990234375,19.31999969482422
2022-10-07,17314.650390625,58191.2890625,189.19000244140625,451.55999755859375,44.4900016784668,1008.5800170898438,18.809999465942383
2022-10-10,17241.0,57991.109375,188.75,447.1600036621094,43.72999954223633,1006.8099975585938,19.6200008392334
2022-10-11,16983.55078125,57147.3203125,185.8699951171875,441.8999938964844,43.41999816894531,1005.1500244140625,20.489999771118164
2022-10-12,17123.599609375,57625.91015625,187.2100067138672,443.05999755859375,43.59000015258789,1005.7899780273438,20.18000030517578
2022-10-13,17014.349609375,57235.328125,186.22999572753906,438.7699890136719,43.689998626708984,1004.6900024414062,20.290000915527344
2022-10-14,17185.69921875,57919.96875,188.02000427246094,437.1400146484375,43.2599983215332,1003.27001953125,18.260000228881836
2022-10-17,17311.80078125,58410.98046875,188.8300018310547,439.6600036621094,43.2400016784668,1003.4400024414062,18.420000076293945
2022-10-18,17486.94921875,58960.6015625,190.63999938964844,444.4200134277344,43.119998931884766,1005.8800048828125,17.450000762939453
2022-10-19,17512.25,59107.19140625,190.8300018310547,443.7200012207031,43.189998626708984,1006.530029296875,17.489999771118164
2022-10-20,17563.94921875,59202.8984375,191.44000244140625,448.1400146484375,43.040000915527344,1009.239990234375,17.229999542236328
2022-10-21,17576.30078125,59307.1484375,191.52000427246094,442.3999938964844,42.72999954223633,1009.6900024414062,17.280000686645508
2022-10-24,17730.75,59831.66015625,193.1699981689453,445.19000244140625,43.47999954223633,1010.8200073242188,17.420000076293945
2022-10-25,17656.349609375,59543.9609375,192.49000549316406,443.6499938964844,43.16999816894531,1009.7899780273438,16.8799991607666
2022-10-27,17736.94921875,59756.83984375,193.4499969482422,447.7799987792969,43.459999084472656,1009.6300048828125,16.600000381469727
2022-10-28,17786.80078125,59959.8515625,193.9600067138672,446.94000244140625,43.279998779296875,1013.97998046875,15.920000076293945
2022-10-31,18012.19921875,60746.58984375,196.27000427246094,449.4700012207031,43.22999954223633,1013.8900146484375,15.800000190734863
2022-11-01,18145.400390625,61121.3515625,197.97999572753906,454.7699890136719,43.310001373291016,1013.5399780273438,16.1299991607666
2022-11-02,18082.849609375,60906.08984375,197.41000366210938,453.4200134277344,43.5,1013.1099853515625,16.65999984741211
2022-11-03,18052.69921875,60836.41015625,197.38999938964844,453.5,43.0,1010.6900024414062,15.9399995803833
2022-11-04,18117.150390625,60950.359375,197.77000427246094,454.3800048828125,43.290000915527344,1011.6699829101562,15.65999984741211
2022-11-07,18202.80078125,61185.1484375,198.6199951171875,458.42999267578125,43.7400016784668,1014.3200073242188,15.59000015258789
2022-11-09,18157.0,61033.55078125,198.32000732421875,457.5899963378906,43.970001220703125,1016.4500122070312,15.920000076293945
2022-11-10,18028.19921875,60613.69921875,196.86000061035156,453.010009765625,44.18000030517578,1019.989990234375,15.569999694824219
2022-11-11,18349.69921875,61795.0390625,200.22000122070312,457.4599914550781,44.7599983215332,1024.969970703125,14.40999984741211
2022-11-14,18329.150390625,61624.1484375,200.1699981689453,459.70001220703125,44.81999969482422,1016.780029296875,14.90999984741211
2022-11-15,18403.400390625,61872.98828125,200.91000366210938,460.6099853515625,45.150001525878906,1018.0900268554688,14.640000343322754
2022-11-16,18409.650390625,61980.71875,200.8699951171875,457.07000732421875,45.349998474121094,1018.530029296875,15.100000381469727
2022-11-17,18343.900390625,61750.6015625,200.1999969482422,453.6099853515625,45.16999816894531,1019.4000244140625,14.880000114440918
2022-11-18,18307.650390625,61663.48046875,199.9199981689453,451.32000732421875,45.2599983215332,1026.1199951171875,14.390000343322754
2022-11-21,18159.94921875,61144.83984375,198.5500030517578,448.5799865722656,44.79999923706055,1023.27001953125,14.800000190734863
2022-11-22,18244.19921875,61418.9609375,199.22999572753906,449.3900146484375,44.900001525878906,1026.93994140625,13.84000015258789
2022-11-23,18267.25,61510.578125,199.50999450683594,450.5299987792969,44.77000045776367,1025.1300048828125,14.039999961853027
2022-11-24,18484.099609375,62272.6796875,201.72000122070312,452.3299865722656,45.040000915527344,1025.719970703125,13.479999542236328
2022-11-25,18512.75,62293.640625,202.35000610351562,453.6000061035156,44.97999954223633,1026.3800048828125,13.329999923706055
2022-11-28,18562.75,62504.80078125,203.0399932861328,454.5899963378906,45.119998931884766,1027.199951171875,13.569999694824219
2022-11-29,18618.05078125,62681.83984375,203.42999267578125,456.8900146484375,45.099998474121094,1028.8900146484375,13.619999885559082
2022-11-30,18758.349609375,63099.6484375,204.6999969482422,461.2699890136719,45.099998474121094,1028.5899658203125,13.8100004196167
2022-12-01,18812.5,63284.19140625,205.5399932861328,463.17999267578125,45.369998931884766,1031.18994140625,13.359999656677246
2022-12-02,18696.099609375,62868.5,204.80999755859375,463.989990234375,45.880001068115234,1032.3900146484375,13.449999809265137
2022-12-05,18701.05078125,62834.6015625,204.44000244140625,463.739990234375,46.09000015258789,1032.0899658203125,13.729999542236328
2022-12-06,18642.75,62626.359375,204.13999938964844,463.6300048828125,45.81999969482422,1032.8399658203125,14.039999961853027
2022-12-07,18560.5,62410.6796875,202.8699951171875,464.54998779296875,45.84000015258789,1032.1400146484375,14.079999923706055
2022-12-08,18609.349609375,62570.6796875,203.6199951171875,466.4700012207031,46.060001373291016,1033.8199462890625,13.399999618530273
2022-12-09,18496.599609375,62181.671875,202.47999572753906,463.8699951171875,46.11000061035156,1033.969970703125,13.479999542236328
2022-12-12,18497.150390625,62130.5703125,202.61000061035156,463.8800048828125,46.189998626708984,1032.0999755859375,13.319999694824219
2022-12-13,18608.0,62533.30078125,203.77000427246094,463.2300109863281,46.15999984741211,1033.6800537109375,12.880000114440918
2022-12-14,18660.30078125,62677.91015625,204.35000610351562,465.0899963378906,46.540000915527344,1033.969970703125,12.890000343322754
2022-12-15,18414.900390625,61799.03125,201.5800018310547,460.4599914550781,46.029998779296875,1033.3800048828125,13.729999542236328
2022-12-16,18269.0,61337.80859375,200.16000366210938,454.1700134277344,46.099998474121094,1034.7900390625,14.069999694824219
2022-12-19,18420.44921875,61806.19140625,201.6699981689453,458.9800109863281,46.41999816894531,1033.1300048828125,13.550000190734863
2022-12-20,18385.30078125,61702.2890625,201.2100067138672,458.8900146484375,46.75,1034.1099853515625,13.779999732971191
2022-12-21,18199.099609375,61067.23828125,199.39999389648438,451.5199890136719,46.86000061035156,1033.8199462890625,15.5600004196167
2022-12-22,18127.349609375,60826.21875,198.5500030517578,448.0799865722656,46.869998931884766,1033.31005859375,15.1899995803833
2022-12-23,17806.80078125,59845.2890625,195.14999389648438,431.8599853515625,46.689998626708984,1035.6800537109375,16.15999984741211
2022-12-26,18014.599609375,60566.421875,197.22999572753906,441.42999267578125,46.689998626708984,1034.989990234375,16.15999984741211
2022-12-27,18132.30078125,60927.4296875,198.0,445.010009765625,46.869998931884766,1035.9000244140625,15.289999961853027
2022-12-28,18122.5,60910.28125,197.99000549316406,447.05999755859375,46.54999923706055,1034.6099853515625,15.399999618530273
2022-12-29,18191.0,61133.87890625,198.77999877929688,447.3500061035156,46.61000061035156,1034.25,14.8100004196167
2022-12-30,18105.30078125,60840.73828125,198.0399932861328,447.2300109863281,46.790000915527344,1033.27001953125,14.869999885559082
2023-01-02,18197.44921875,61167.7890625,199.33999633789062,445.6499938964844,47.16999816894531,1031.949951171875,14.6899995803833
2023-01-03,18232.55078125,61294.19921875,199.67999267578125,448.5799865722656,47.630001068115234,1033.0999755859375,14.390000343322754
2023-01-04,18042.94921875,60657.44921875,197.6699981689453,443.3699951171875,48.06999969482422,1033.280029296875,15.199999809265137
2023-01-05,17992.150390625,60353.26953125,197.07000732421875,445.94000244140625,47.779998779296875,1033.5699462890625,14.979999542236328
2023-01-06,17859.44921875,59900.37109375,195.72000122070312,442.45001220703125,47.5,1034.510009765625,15.029999732971191
2023-01-09,18101.19921875,60747.30859375,198.27999877929688,446.67999267578125,48.11000061035156,1033.0,14.649999618530273
2023-01-10,17914.150390625,60115.48046875,196.1300048828125,445.1199951171875,47.959999084472656,1032.7099609375,15.510000228881836
2023-01-11,17895.69921875,60105.5,196.1300048828125,442.79998779296875,48.02000045776367,1032.93994140625,15.4399995803833
2023-01-12,17858.19921875,59958.03125,195.61000061035156,443.760009765625,47.95000076293945,1033.97998046875,15.279999732971191
2023-01-13,17956.599609375,60261.1796875,196.61000061035156,445.739990234375,48.22999954223633,1034.3199462890625,14.460000038146973
2023-01-16,17894.849609375,60092.96875,196.05999755859375,446.0899963378906,48.70000076293945,1033.5400390625,15.020000457763672
2023-01-17,18053.30078125,60655.71875,197.47000122070312,446.29998779296875,48.5,1034.989990234375,14.59000015258789
2023-01-18,18165.349609375,61045.73828125,198.64999389648438,445.489990234375,48.459999084472656,1034.969970703125,14.369999885559082
2023-01-19,18107.849609375,60858.4296875,198.42999267578125,443.7699890136719,48.5,1036.93994140625,13.960000038146973
2023-01-20,18027.650390625,60621.76953125,197.4499969482422,442.8399963378906,48.7599983215332,1035.469970703125,13.789999961853027
2023-01-23,18118.55078125,60941.671875,198.44000244140625,443.8399963378906,48.77000045776367,1035.699951171875,13.619999885559082
2023-01-24,18118.30078125,60978.75,198.4199981689453,442.94000244140625,48.90999984741211,1034.989990234375,13.65999984741211
2023-01-25,17891.94921875,60205.05859375,196.0399932861328,431.9200134277344,48.7599983215332,1034.3199462890625,14.65999984741211
2023-01-27,17604.349609375,59330.8984375,193.0,415.260009765625,48.779998779296875,1032.18994140625,17.31999969482422
2023-01-30,17648.94921875,59500.41015625,193.25,410.1000061035156,48.77000045776367,1034.6199951171875,17.709999084472656
2023-01-31,17662.150390625,59549.8984375,193.44000244140625,414.67999267578125,48.66999816894531,1040.3399658203125,16.8799991607666
2023-02-01,17616.30078125,59708.078125,193.1300048828125,408.4200134277344,49.40999984741211,1036.3599853515625,16.780000686645508
2023-02-02,17610.400390625,59932.23828125,192.91000366210938,407.07000732421875,50.470001220703125,1038.72998046875,15.729999542236328
2023-02-03,17854.05078125,60841.87890625,195.1199951171875,405.2699890136719,49.41999816894531,1037.8900146484375,14.399999618530273
2023-02-06,17764.599609375,60506.8984375,194.47999572753906,409.5799865722656,49.040000915527344,1038.0899658203125,14.6899995803833
2023-02-07,17721.5,60286.0390625,194.0399932861328,409.1000061035156,49.06999969482422,1038.1500244140625,14.130000114440918
2023-02-08,17871.69921875,60663.7890625,195.5399932861328,412.8500061035156,49.20000076293945,1039.510009765625,13.600000381469727
2023-02-09,17893.44921875,60806.21875,195.88999938964844,409.1300048828125,49.11000061035156,1039.300048828125,13.039999961853027
2023-02-10,17856.5,60682.69921875,195.49000549316406,410.2300109863281,48.65999984741211,1040.5999755859375,12.75
2023-02-13,17770.900390625,60431.83984375,194.60000610351562,403.4700012207031,48.66999816894531,1039.52001953125,13.680000305175781
2023-02-14,17929.849609375,61032.26171875,195.97999572753906,404.1700134277344,48.790000915527344,1038.9599609375,13.449999809265137
2023-02-15,18015.849609375,61275.08984375,197.0800018310547,405.3800048828125,48.15999984741211,1037.06005859375,12.859999656677246
2023-02-16,18035.849609375,61319.51171875,197.35000610351562,409.9100036621094,48.18000030517578,1036.8800048828125,12.890000343322754
2023-02-17,17944.19921875,61002.5703125,196.3000030517578,406.92999267578125,47.95000076293945,1036.239990234375,13.09000015258789
2023-02-20,17844.599609375,60691.5390625,195.58999633789062,406.0899963378906,48.380001068115234,1036.219970703125,13.380000114440918
2023-02-21,17826.69921875,60672.71875,195.25999450683594,405.69000244140625,48.2599983215332,1034.3599853515625,14.010000228881836
2023-02-22,17554.30078125,59744.98046875,192.50999450683594,399.82000732421875,48.15999984741211,1034.5400390625,15.59000015258789
2023-02-23,17511.25,59605.80078125,192.00999450683594,397.8900146484375,47.86000061035156,1032.22998046875,15.079999923706055
2023-02-24,17465.80078125,59463.9296875,191.4600067138672,397.4200134277344,47.779998779296875,1037.1800537109375,14.1899995803833
2023-02-27,17392.69921875,59288.3515625,190.55999755859375,393.9599914550781,47.439998626708984,1037.0,13.880000114440918
2023-02-28,17303.94921875,58962.12109375,189.6999969482422,394.4700012207031,47.40999984741211,1038.6700439453125,14.020000457763672
2023-03-01,17450.900390625,59411.078125,191.27999877929688,398.9700012207031,47.77000045776367,1035.3599853515625,13.0
2023-03-02,17321.900390625,58909.3515625,189.92999267578125,398.8800048828125,47.810001373291016,1038.030029296875,12.970000267028809
2023-03-03,17594.349609375,59808.96875,192.50999450683594,402.79998779296875,47.81999969482422,1037.239990234375,12.180000305175781
2023-03-06,17711.44921875,60224.4609375,193.6300048828125,406.5199890136719,47.83000183105469,1039.6600341796875,12.270000457763672
2023-03-08,17754.400390625,60348.08984375,193.9499969482422,406.70001220703125,47.119998931884766,1038.31005859375,12.449999809265137
2023-03-09,17589.599609375,59806.28125,192.63999938964844,404.1499938964844,47.06999969482422,1036.760009765625,12.729999542236328
2023-03-10,17412.900390625,59135.12890625,190.75,403.8299865722656,47.43000030517578,1039.9100341796875,13.40999984741211
2023-03-13,17154.30078125,58237.8515625,188.1199951171875,399.3399963378906,48.81999969482422,1041.260009765625,16.219999313354492
2023-03-14,17043.30078125,57900.19140625,186.91000366210938,394.82000732421875,49.130001068115234,1039.75,16.219999313354492
2023-03-15,16972.150390625,57555.8984375,186.10000610351562,396.510009765625,48.93000030517578,1040.81005859375,16.299999237060547
2023-03-16,16985.599609375,57634.83984375,186.22999572753906,398.04998779296875,49.70000076293945,1042.97998046875,16.219999313354492
2023-03-17,17100.05078125,57989.8984375,187.4199981689453,401.010009765625,49.75,1039.780029296875,14.770000457763672
2023-03-20,16988.400390625,57628.94921875,186.1999969482422,398.0899963378906,50.90999984741211,1040.02001953125,16.010000228881836
2023-03-21,17107.5,58074.6796875,187.4600067138672,399.5,50.47999954223633,1042.949951171875,15.079999923706055
2023-03-22,17151.900390625,58214.58984375,187.8800048828125,402.8599853515625,50.040000915527344,1042.949951171875,14.8100004196167
2023-03-23,17076.900390625,57925.28125,186.91000366210938,400.29998779296875,50.36000061035156,1044.0,14.489999771118164
2023-03-24,16945.05078125,57527.1015625,185.67999267578125,398.2799987792969,50.900001525878906,1046.280029296875,15.239999771118164
2023-03-27,16985.69921875,57653.859375,186.17999267578125,395.8299865722656,50.400001525878906,1043.6099853515625,15.449999809265137
2023-03-28,16951.69921875,57613.71875,185.7100067138672,392.1199951171875,50.40999984741211,1043.1600341796875,15.100000381469727
2023-03-29,17080.69921875,57960.08984375,187.08999633789062,394.6199951171875,50.689998626708984,1044.1199951171875,13.630000114440918
2023-03-31,17359.75,58991.51953125,189.86000061035156,400.42999267578125,51.06999969482422,1044.989990234375,12.9399995803833
2023-04-03,17398.05078125,59106.44140625,190.55999755859375,400.9200134277344,50.79999923706055,1046.030029296875,12.59000015258789
2023-04-05,17557.05078125,59689.30859375,192.19000244140625,402.9100036621094,51.86000061035156,1047.9300537109375,12.40999984741211
2023-04-06,17599.150390625,59832.96875,192.94000244140625,404.8500061035156,51.810001373291016,1050.3900146484375,11.800000190734863
2023-04-10,17624.05078125,59846.51171875,192.63999938964844,406.1199951171875,51.380001068115234,1055.280029296875,12.270000457763672
2023-04-11,17722.30078125,60157.71875,193.75999450683594,406.8900146484375,51.54999923706055,1056.300048828125,11.979999542236328
2023-04-12,17812.400390625,60392.76953125,194.63999938964844,408.4800109863281,51.720001220703125,1053.800048828125,12.270000457763672
2023-04-13,17828.0,60431.0,194.77000427246094,407.4800109863281,51.939998626708984,1056.75,11.90999984741211
2023-04-17,17706.849609375,59910.75,193.91000366210938,409.6099853515625,51.70000076293945,1056.2099609375,12.270000457763672
2023-04-18,17660.150390625,59727.01171875,193.24000549316406,411.3599853515625,51.52000045776367,1055.8800048828125,12.079999923706055
2023-04-19,17618.75,59567.80078125,192.86000061035156,407.5799865722656,51.119998931884766,1056.1099853515625,12.149999618530273
2023-04-20,17624.44921875,59632.3515625,192.99000549316406,407.2099914550781,51.63999938964844,1055.1800537109375,11.9399995803833
2023-04-21,17624.05078125,59655.05859375,192.85000610351562,406.2900085449219,51.290000915527344,1057.6099853515625,11.630000114440918
2023-04-24,17743.400390625,60056.1015625,193.9499969482422,408.510009765625,51.2599983215332,1059.3499755859375,11.670000076293945
2023-04-25,17769.25,60130.7109375,194.1300048828125,410.42999267578125,51.31999969482422,1057.719970703125,11.520000457763672
2023-04-26,17813.599609375,60300.578125,194.6199951171875,411.30999755859375,51.47999954223633,1061.489990234375,11.649999618530273
2023-04-27,17915.05078125,60649.37890625,195.92999267578125,413.0799865722656,51.470001220703125,1062.02001953125,11.430000305175781
2023-04-28,18065.0,61112.44140625,197.2899932861328,418.3900146484375,51.25,1062.969970703125,10.949999809265137
2023-05-02,18147.650390625,61354.7109375,198.38999938964844,420.1000061035156,51.310001373291016,1065.5799560546875,11.899999618530273
2023-05-03,18089.849609375,61193.30078125,197.67999267578125,421.0799865722656,52.060001373291016,1068.010009765625,11.84000015258789
2023-05-04,18255.80078125,61749.25,199.44000244140625,423.8399963378906,52.5099983215332,1070.4100341796875,11.729999542236328
2023-05-05,18069.0,61054.2890625,197.83999633789062,423.55999755859375,52.5,1069.949951171875,12.300000190734863
2023-05-08,18264.400390625,61764.25,199.7100067138672,427.05999755859375,52.16999816894531,1068.6400146484375,12.640000343322754
2023-05-09,18265.94921875,61761.328125,199.6999969482422,426.5400085449219,52.369998931884766,1070.2099609375,12.680000305175781
2023-05-10,18315.099609375,61940.19921875,200.0,428.2699890136719,52.43000030517578,1069.5699462890625,13.079999923706055
2023-05-11,18297.0,61904.51953125,200.35000610351562,431.6600036621094,52.369998931884766,1070.5799560546875,13.220000267028809
2023-05-12,18314.80078125,62027.8984375,200.25999450683594,431.1099853515625,51.90999984741211,1073.2099609375,12.850000381469727
2023-05-15,18398.849609375,62345.7109375,201.33999633789062,433.04998779296875,52.279998779296875,1074.22998046875,13.170000076293945
2023-05-16,18286.5,61932.46875,200.50999450683594,433.5400085449219,52.04999923706055,1073.7900390625,13.289999961853027
2023-05-17,18181.75,61560.640625,199.75999450683594,431.1700134277344,51.619998931884766,1074.31005859375,13.109999656677246
2023-05-18,18129.94921875,61431.73828125,199.0500030517578,427.17999267578125,51.59000015258789,1077.8599853515625,12.800000190734863
2023-05-19,18203.400390625,61729.6796875,199.82000732421875,428.760009765625,51.439998626708984,1077.52001953125,12.300000190734863
2023-05-22,18314.400390625,61963.6796875,200.74000549316406,433.1600036621094,51.97999954223633,1075.0699462890625,12.569999694824219
2023-05-23,18348.0,61981.7890625,201.02000427246094,434.260009765625,51.43000030517578,1078.3299560546875,12.609999656677246
2023-05-24,18285.400390625,61773.78125,200.24000549316406,433.5,51.75,1078.8399658203125,13.109999656677246
2023-05-25,18321.150390625,61872.62109375,200.6999969482422,435.8699951171875,51.45000076293945,1077.4599609375,12.520000457763672
2023-05-26,18499.349609375,62501.69140625,202.85000610351562,440.6300048828125,51.33000183105469,1078.8299560546875,11.899999618530273
2023-05-29,18598.650390625,62846.37890625,204.13999938964844,443.1099853515625,51.18000030517578,1079.3699951171875,12.300000190734863
2023-05-30,18633.849609375,62969.12890625,204.36000061035156,443.3800048828125,51.13999938964844,1079.4300537109375,12.010000228881836
2023-05-31,18534.400390625,62622.23828125,203.66000366210938,444.2300109863281,51.130001068115234,1079.949951171875,11.970000267028809
2023-06-01,18487.75,62428.5390625,202.99000549316406,446.3500061035156,50.9900016784668,1076.5,11.600000381469727
2023-06-02,18534.099609375,62547.109375,203.83999633789062,447.989990234375,51.31999969482422,1079.47998046875,11.130000114440918
2023-06-05,18593.849609375,62787.46875,204.27999877929688,449.0799865722656,50.720001220703125,1080.3299560546875,11.140000343322754
2023-06-06,18599.0,62792.87890625,204.0399932861328,451.1099853515625,51.06999969482422,1078.969970703125,11.380000114440918
2023-06-07,18726.400390625,63142.9609375,205.33999633789062,455.0299987792969,50.9900016784668,1079.25,11.4399995803833
2023-06-08,18634.55078125,62848.640625,204.50999450683594,452.3399963378906,50.70000076293945,1081.4300537109375,11.260000228881836
2023-06-09,18563.400390625,62625.62890625,204.02999877929688,452.0799865722656,50.959999084472656,1079.0699462890625,11.119999885559082
2023-06-12,18601.5,62724.7109375,204.4600067138672,453.6199951171875,50.93000030517578,1079.469970703125,11.25
2023-06-13,18716.150390625,63143.16015625,205.4499969482422,457.5899963378906,50.88999938964844,1079.199951171875,11.109999656677246
2023-06-14,18755.900390625,63228.51171875,205.85000610351562,459.04998779296875,50.560001373291016,1081.949951171875,11.15999984741211
2023-06-15,18688.099609375,62917.62890625,205.30999755859375,458.8900146484375,50.15999984741211,1078.989990234375,11.079999923706055
2023-06-16,18826.0,63384.578125,206.69000244140625,463.5400085449219,50.65999984741211,1078.949951171875,10.84000015258789
2023-06-19,18755.44921875,63168.30078125,205.8699951171875,463.2799987792969,50.529998779296875,1075.949951171875,11.229999542236328
2023-06-20,18816.69921875,63327.69921875,206.5,465.3999938964844,50.4900016784668,1077.030029296875,11.130000114440918
2023-06-21,18856.849609375,63523.1484375,206.8699951171875,464.3800048828125,50.09000015258789,1077.1099853515625,11.289999961853027
2023-06-22,18771.25,63238.890625,206.24000549316406,458.3299865722656,49.86000061035156,1075.9200439453125,11.550000190734863
2023-06-23,18665.5,62979.37109375,204.97999572753906,453.1099853515625,49.75,1074.6099853515625,11.239999771118164
2023-06-26,18691.19921875,62970.0,205.1699981689453,455.07000732421875,49.9900016784668,1077.949951171875,11.399999618530273
2023-06-27,18817.400390625,63416.03125,206.4600067138672,456.4700012207031,49.79999923706055,1077.050048828125,10.779999732971191
2023-06-28,18972.099609375,63915.421875,208.17999267578125,459.760009765625,49.54999923706055,1078.8699951171875,10.890000343322754
2023-06-30,19189.05078125,64718.55859375,210.61000061035156,464.260009765625,49.310001373291016,1075.9599609375,10.800000190734863
2023-07-03,19322.55078125,65205.05078125,212.3000030517578,464.7300109863281,49.560001373291016,1078.3199462890625,11.539999961853027
2023-07-04,19389.0,65479.05078125,213.05999755859375,463.8500061035156,49.880001068115234,1078.3900146484375,11.699999809265137
2023-07-05,19398.5,65446.0390625,212.9199981689453,467.8800048828125,49.97999954223633,1078.93994140625,11.880000114440918
2023-07-06,19497.30078125,65785.640625,213.9600067138672,470.510009765625,49.900001525878906,1077.6099853515625,11.84000015258789
2023-07-07,19331.80078125,65280.44921875,212.72000122070312,466.42999267578125,50.02000045776367,1076.1500244140625,11.529999732971191
2023-07-10,19355.900390625,65344.171875,212.63999938964844,463.8299865722656,50.029998779296875,1077.5,11.460000038146973
2023-07-11,19439.400390625,65617.84375,213.4499969482422,466.989990234375,50.15999984741211,1078.530029296875,11.010000228881836
2023-07-12,19384.30078125,65393.8984375,213.25,468.5199890136719,50.099998474121094,1077.699951171875,10.9399995803833
2023-07-13,19413.75,65558.890625,213.69000244140625,466.17999267578125,50.52000045776367,1077.02001953125,10.9399995803833
2023-07-14,19564.5,66060.8984375,214.8300018310547,469.3500061035156,50.59000015258789,1076.7099609375,10.680000305175781
2023-07-17,19711.44921875,66589.9296875,216.52999877929688,470.5799865722656,50.4900016784668,1077.8900146484375,11.319999694824219
2023-07-18,19749.25,66795.140625,217.02000427246094,468.8800048828125,50.65999984741211,1079.8699951171875,11.710000038146973
2023-07-19,19833.150390625,67097.4375,217.97000122070312,471.05999755859375,51.02000045776367,1079.2099609375,11.600000381469727
2023-07-20,19979.150390625,67571.8984375,219.50999450683594,470.1199951171875,51.08000183105469,1080.0,11.789999961853027
2023-07-21,19745.0,66684.2578125,217.47999572753906,467.510009765625,50.650001525878906,1079.280029296875,11.489999771118164
2023-07-24,19672.349609375,66384.78125,216.72999572753906,467.70001220703125,50.650001525878906,1081.06005859375,11.649999618530273
2023-07-25,19680.599609375,66355.7109375,216.63999938964844,469.6300048828125,50.58000183105469,1083.0,10.239999771118164
2023-07-26,19778.30078125,66707.203125,217.72000122070312,471.5199890136719,50.84000015258789,1082.4599609375,10.460000038146973
2023-07-27,19659.900390625,66266.8203125,216.6300048828125,472.8299865722656,50.93000030517578,1082.469970703125,10.510000228881836
2023-07-28,19646.05078125,66160.203125,216.33999633789062,477.8299865722656,50.66999816894531,1083.31005859375,10.140000343322754
2023-07-31,19753.80078125,66527.671875,217.5800018310547,480.260009765625,50.65999984741211,1080.4300537109375,10.40999984741211
2023-08-01,19733.55078125,66459.3125,217.22999572753906,479.2699890136719,50.689998626708984,1080.0,10.279999732971191
2023-08-02,19526.55078125,65782.78125,215.10000610351562,473.5299987792969,50.68000030517578,1080.1400146484375,11.279999732971191
2023-08-03,19381.650390625,65240.6796875,213.55999755859375,470.3800048828125,50.540000915527344,1080.1300048828125,11.1899995803833
2023-08-04,19517.0,65721.25,215.0399932861328,475.1400146484375,50.5,1080.22998046875,10.569999694824219
2023-08-07,19597.30078125,65953.4765625,215.9499969482422,475.82000732421875,50.4900016784668,1079.3900146484375,11.100000381469727
2023-08-08,19570.849609375,65846.5,215.7899932861328,476.1199951171875,50.560001373291016,1079.68994140625,11.329999923706055
2023-08-09,19632.55078125,65995.8125,216.49000549316406,477.20001220703125,50.369998931884766,1078.489990234375,11.140000343322754
2023-08-10,19543.099609375,65688.1796875,215.3300018310547,474.6400146484375,50.22999954223633,1078.699951171875,11.399999618530273
2023-08-11,19428.30078125,65322.6484375,214.39999389648438,473.6000061035156,50.130001068115234,1078.3699951171875,11.520000457763672
2023-08-14,19434.55078125,65401.921875,214.50999450683594,467.6600036621094,50.09000015258789,1077.010009765625,12.0
2023-08-16,19465.0,65539.421875,214.57000732421875,467.6199951171875,50.11000061035156,1076.77001953125,12.130000114440918
2023-08-17,19365.25,65151.01953125,213.6999969482422,466.45001220703125,49.81999969482422,1077.739990234375,12.239999771118164
2023-08-18,19310.150390625,64948.66015625,213.0,464.30999755859375,49.75,1076.550048828125,12.140000343322754
2023-08-21,19393.599609375,65216.08984375,213.5,466.1600036621094,49.68000030517578,1080.469970703125,11.960000038146973
2023-08-22,19396.44921875,65220.03125,213.42999267578125,470.3699951171875,49.900001525878906,1080.4000244140625,11.75
2023-08-23,19444.0,65433.30078125,214.3699951171875,471.0899963378906,49.810001373291016,1080.4100341796875,11.729999542236328
2023-08-24,19386.69921875,65252.33984375,213.77000427246094,470.8500061035156,50.029998779296875,1080.4200439453125,11.699999809265137
2023-08-25,19265.80078125,64886.51171875,212.75999450683594,467.05999755859375,49.939998626708984,1080.0,12.079999923706055
2023-08-28,19306.05078125,64996.6015625,212.8699951171875,470.3599853515625,49.79999923706055,1080.550048828125,12.399999618530273
2023-08-29,19342.650390625,65075.8203125,213.16000366210938,473.29998779296875,49.97999954223633,1084.489990234375,12.229999542236328
2023-08-30,19347.44921875,65087.25,213.5399932861328,474.8999938964844,50.34000015258789,1084.0999755859375,11.800000190734863
2023-08-31,19253.80078125,64831.41015625,212.77000427246094,471.7799987792969,50.349998474121094,1084.22998046875,12.0600004196167
2023-09-01,19435.30078125,65387.16015625,214.27000427246094,476.0199890136719,50.369998931884766,1083.3299560546875,11.369999885559082
2023-09-04,19528.80078125,65628.140625,215.58999633789062,480.1499938964844,50.439998626708984,1084.1400146484375,10.960000038146973
2023-09-05,19574.900390625,65780.2578125,215.83999633789062,480.9800109863281,50.349998474121094,1083.949951171875,10.819999694824219
2023-09-06,19611.05078125,65880.5234375,216.22000122070312,483.489990234375,50.310001373291016,1083.4599609375,10.680000305175781
2023-09-07,19727.05078125,66265.5625,217.2899932861328,486.1700134277344,50.16999816894531,1082.9000244140625,10.869999885559082
2023-09-08,19819.94921875,66598.90625,218.41000366210938,490.0799865722656,50.209999084472656,1083.1300048828125,10.779999732971191
2023-09-11,19996.349609375,67127.078125,220.3800048828125,494.2200012207031,50.15999984741211,1084.010009765625,11.350000381469727
2023-09-12,19993.19921875,67221.1328125,220.19000244140625,483.6600036621094,50.02000045776367,1082.31005859375,11.6899995803833
2023-09-13,20070.0,67466.9921875,221.42999267578125,485.32000732421875,49.880001068115234,1083.02001953125,11.829999923706055
2023-09-14,20103.099609375,67519.0,221.52999877929688,488.510009765625,49.880001068115234,1084.8299560546875,11.319999694824219
2023-09-15,20192.349609375,67838.6328125,222.57000732421875,489.0299987792969,50.119998931884766,1084.550048828125,10.899999618530273
2023-09-18,20133.30078125,67596.84375,221.9199981689453,488.94000244140625,50.439998626708984,1085.1700439453125,10.84000015258789
2023-09-20,19901.400390625,66800.84375,219.60000610351562,484.8599853515625,50.380001068115234,1086.449951171875,11.130000114440918
2023-09-21,19742.349609375,66230.2421875,217.6300048828125,480.489990234375,50.27000045776367,1088.8900146484375,10.819999694824219
2023-09-22,19674.25,66009.1484375,216.80999755859375,480.2099914550781,50.220001220703125,1088.7099609375,10.65999984741211
2023-09-25,19674.55078125,66023.6875,216.8000030517578,478.6300048828125,50.220001220703125,1088.739990234375,10.899999618530273
2023-09-26,19664.69921875,65945.46875,216.57000732421875,479.5,50.02000045776367,1089.3499755859375,11.1899995803833
2023-09-27,19716.44921875,66118.6875,217.55999755859375,479.8999938964844,49.70000076293945,1087.2099609375,11.59000015258789
2023-09-28,19523.55078125,65508.3203125,215.77000427246094,474.80999755859375,49.369998931884766,1090.43994140625,12.819999694824219
2023-09-29,19638.30078125,65828.40625,216.75,478.92999267578125,49.290000915527344,1091.6300048828125,11.449999809265137
2023-10-03,19528.75,65512.1015625,215.57000732421875,478.2799987792969,48.83000183105469,1087.77001953125,11.789999961853027
2023-10-04,19436.099609375,65226.0390625,214.39999389648438,472.989990234375,48.36000061035156,1090.8699951171875,11.65999984741211
2023-10-05,19545.75,65631.5703125,215.52999877929688,473.19000244140625,48.25,1089.7099609375,10.9399995803833
2023-10-06,19653.5,65995.6328125,216.6199951171875,475.8900146484375,48.380001068115234,1089.239990234375,10.300000190734863
2023-10-09,19512.349609375,65512.390625,215.47999572753906,470.57000732421875,48.880001068115234,1084.1300048828125,11.399999618530273
2023-10-10,19689.849609375,66079.359375,217.1300048828125,476.5,48.93000030517578,1082.1199951171875,11.270000457763672
2023-10-11,19811.349609375,66473.046875,218.75999450683594,477.9800109863281,49.16999816894531,1082.3900146484375,10.989999771118164
2023-10-12,19794.0,66408.390625,218.60000610351562,479.3699951171875,49.38999938964844,1086.300048828125,10.619999885559082
2023-10-13,19751.05078125,66282.7421875,218.07000732421875,479.6099853515625,49.4900016784668,1085.0,10.619999885559082
2023-10-16,19731.75,66166.9296875,217.89999389648438,480.9200134277344,50.25,1086.0,11.069999694824219
2023-10-17,19811.5,66428.09375,218.5500030517578,482.6700134277344,50.310001373291016,1085.1500244140625,10.699999809265137
2023-10-18,19671.099609375,65877.0234375,217.1999969482422,478.6499938964844,50.779998779296875,1086.0799560546875,10.970000267028809
2023-10-19,19624.69921875,65629.2421875,216.6699981689453,477.1600036621094,50.90999984741211,1084.0799560546875,10.899999618530273
2023-10-20,19542.650390625,65397.62109375,215.3000030517578,473.44000244140625,51.59000015258789,1084.8299560546875,10.819999694824219
2023-10-23,19281.75,64571.87890625,213.1699981689453,464.55999755859375,51.540000915527344,1084.0999755859375,10.90999984741211
2023-10-25,19122.150390625,64049.05859375,211.47999572753906,460.4599914550781,51.40999984741211,1087.3299560546875,11.3100004196167
2023-10-26,18857.25,63148.1484375,208.74000549316406,457.2900085449219,51.83000183105469,1084.4300537109375,11.729999542236328
2023-10-27,19047.25,63782.80078125,210.57000732421875,465.760009765625,51.63999938964844,1085.1099853515625,10.90999984741211
2023-10-30,19140.900390625,64112.6484375,211.52000427246094,466.6600036621094,52.02000045776367,1088.3699951171875,11.489999771118164
2023-10-31,19079.599609375,63874.9296875,210.97999572753906,467.7200012207031,52.060001373291016,1089.969970703125,11.829999923706055
2023-11-01,18989.150390625,63591.328125,209.99000549316406,465.239990234375,51.7599983215332,1089.5899658203125,12.050000190734863
2023-11-02,19133.25,64080.8984375,211.63999938964844,471.4800109863281,51.849998474121094,1087.969970703125,11.079999923706055
2023-11-03,19230.599609375,64363.78125,212.69000244140625,475.79998779296875,51.79999923706055,1088.3199462890625,10.880000114440918
2023-11-06,19411.75,64958.69140625,214.55999755859375,479.70001220703125,51.75,1088.7099609375,11.109999656677246
2023-11-07,19406.69921875,64942.3984375,214.49000549316406,483.70001220703125,51.36000061035156,1088.0799560546875,11.1899995803833
2023-11-08,19443.5,64975.609375,214.8300018310547,486.1199951171875,51.400001525878906,1090.219970703125,11.039999961853027
2023-11-09,19395.30078125,64832.19921875,214.3000030517578,484.1600036621094,50.939998626708984,1092.3499755859375,10.979999542236328
2023-11-10,19425.349609375,64904.6796875,214.24000549316406,485.3900146484375,51.310001373291016,1091.18994140625,11.109999656677246
2023-11-13,19443.55078125,64933.87109375,214.5500030517578,488.5299987792969,50.93000030517578,1090.5999755859375,11.1899995803833
2023-11-15,19675.44921875,65675.9296875,216.97000122070312,493.239990234375,51.459999084472656,1091.52001953125,11.140000343322754
2023-11-16,19765.19921875,65982.4765625,218.16000366210938,494.8599853515625,51.38999938964844,1094.0,11.649999618530273
2023-11-17,19731.80078125,65794.7265625,218.02000427246094,498.20001220703125,51.86000061035156,1096.97998046875,11.829999923706055
2023-11-20,19694.0,65655.1484375,217.35000610351562,496.95001220703125,51.65999984741211,1094.5899658203125,12.149999618530273
2023-11-21,19783.400390625,65930.7734375,218.38999938964844,497.0899963378906,51.880001068115234,1094.0699462890625,12.229999542236328
2023-11-22,19811.849609375,66023.2421875,218.52999877929688,495.0400085449219,52.16999816894531,1094.780029296875,11.869999885559082
2023-11-23,19802.0,66017.8125,218.55999755859375,496.5199890136719,52.02000045776367,1096.8699951171875,11.319999694824219
2023-11-24,19794.69921875,65970.0390625,218.47999572753906,495.8800048828125,52.150001525878906,1097.0,11.329999923706055
2023-11-28,19889.69921875,66174.203125,219.55999755859375,500.0799865722656,52.29999923706055,1094.3299560546875,12.180000305175781
2023-11-29,20096.599609375,66901.90625,221.66000366210938,504.75,53.04999923706055,1094.1199951171875,12.710000038146973
2023-11-30,20133.150390625,66988.4375,222.1300048828125,510.260009765625,53.150001525878906,1098.52001953125,12.6899995803833
2023-12-01,20267.900390625,67481.1875,223.75,515.5599975585938,53.290000915527344,1095.989990234375,12.380000114440918
2023-12-04,20686.80078125,68865.1171875,228.17999267578125,525.719970703125,53.720001220703125,1096.93994140625,12.989999771118164
2023-12-05,20855.099609375,69296.140625,230.05999755859375,531.75,52.939998626708984,1094.47998046875,13.460000038146973
2023-12-06,20937.69921875,69653.7265625,230.94000244140625,537.3800048828125,52.83000183105469,1097.719970703125,13.739999771118164
2023-12-07,20901.150390625,69521.6875,230.8300018310547,541.4500122070312,53.029998779296875,1098.8800048828125,12.670000076293945
2023-12-08,20969.400390625,69825.6015625,231.36000061035156,537.8900146484375,52.939998626708984,1098.010009765625,12.470000267028809
2023-12-11,20997.099609375,69928.53125,231.7899932861328,543.8400268554688,52.02000045776367,1099.3599853515625,12.760000228881836
2023-12-12,20906.400390625,69551.03125,230.9600067138672,540.4600219726562,51.849998474121094,1096.739990234375,12.710000038146973
2023-12-13,20926.349609375,69584.6015625,231.14999389648438,543.969970703125,51.83000183105469,1096.1199951171875,12.069999694824219
2023-12-14,21182.69921875,70514.203125,233.99000549316406,550.72998046875,52.79999923706055,1099.31005859375,12.319999694824219
2023-12-15,21456.650390625,71483.75,236.6199951171875,551.6599731445312,52.810001373291016,1102.0,13.130000114440918
2023-12-18,21418.650390625,71315.09375,236.57000732421875,556.219970703125,52.4900016784668,1102.1600341796875,13.899999618530273
2023-12-19,21453.099609375,71437.1875,236.6999969482422,556.719970703125,52.59000015258789,1102.6400146484375,13.869999885559082
2023-12-20,21150.150390625,70506.3125,233.25,541.7100219726562,52.83000183105469,1106.8900146484375,14.449999809265137
2023-12-21,21255.05078125,70865.1015625,234.60000610351562,547.739990234375,52.86000061035156,1104.3399658203125,13.760000228881836
2023-12-22,21349.400390625,71106.9609375,235.5,552.4500122070312,53.189998626708984,1104.030029296875,13.710000038146973
2023-12-26,21441.349609375,71336.796875,236.92999267578125,557.5900268554688,53.459999084472656,1106.31005859375,14.680000305175781
2023-12-27,21654.75,72038.4296875,238.91000366210938,560.25,53.630001068115234,1106.280029296875,15.5600004196167
2023-12-28,21778.69921875,72410.3828125,240.16000366210938,562.75,53.84000015258789,1108.4200439453125,15.140000343322754
2023-12-29,21731.400390625,72240.2578125,239.64999389648438,567.3599853515625,53.65999984741211,1108.5899658203125,14.5
2024-01-01,21741.900390625,72240.2578125,240.35000610351562,568.1300048828125,53.7400016784668,1108.030029296875,14.5
2024-01-02,21665.80078125,71892.4765625,239.2100067138672,566.6799926757812,54.0099983215332,1107.6400146484375,14.579999923706055
2024-01-03,21517.349609375,71356.6015625,237.74000549316406,571.7100219726562,53.529998779296875,1107.010009765625,14.100000381469727
2024-01-04,21658.599609375,71847.5703125,239.3000030517578,576.9299926757812,53.290000915527344,1109.989990234375,13.329999923706055
2024-01-05,21710.80078125,72026.1484375,239.74000549316406,576.3300170898438,53.13999938964844,1109.4599609375,12.630000114440918
2024-01-08,21513.0,71355.21875,237.67999267578125,571.5499877929688,52.849998474121094,1108.050048828125,13.460000038146973
2024-01-09,21544.849609375,71386.2109375,237.77999877929688,573.9400024414062,53.02000045776367,1107.1099853515625,13.260000228881836
2024-01-10,21618.69921875,71657.7109375,238.75999450683594,574.760009765625,52.91999816894531,1107.760009765625,12.970000267028809
2024-01-11,21647.19921875,71721.1796875,238.8699951171875,580.4500122070312,52.84000015258789,1106.9000244140625,12.770000457763672
2024-01-12,21894.55078125,72568.453125,241.72999572753906,581.1199951171875,52.9900016784668,1106.8499755859375,13.100000381469727
2024-01-15,22097.44921875,73327.9375,244.07000732421875,582.47998046875,53.25,1106.8499755859375,13.789999961853027
2024-01-16,22032.30078125,73128.7734375,243.24000549316406,581.8099975585938,53.04999923706055,1109.0,13.569999694824219
2024-01-17,21571.94921875,71500.7578125,238.3800048828125,576.1599731445312,52.66999816894531,1107.0999755859375,15.079999923706055
2024-01-18,21462.25,71186.859375,237.50999450683594,573.5700073242188,52.4900016784668,1107.5,14.069999694824219
2024-01-19,21622.400390625,71683.2265625,239.14999389648438,581.6199951171875,52.84000015258789,1107.5,13.880000114440918
2024-01-23,21238.80078125,70370.546875,234.8699951171875,566.9400024414062,52.86000061035156,1107.22998046875,14.850000381469727
2024-01-24,21453.94921875,71060.3125,237.2899932861328,576.219970703125,52.90999984741211,1107.0899658203125,14.380000114440918
2024-01-25,21352.599609375,70700.671875,236.14999389648438,579.0900268554688,52.720001220703125,1111.81005859375,13.869999885559082
2024-01-29,21737.599609375,71941.5703125,240.0500030517578,585.0399780273438,52.970001220703125,1110.0999755859375,15.680000305175781
2024-01-30,21522.099609375,71139.8984375,238.1300048828125,583.0999755859375,53.130001068115234,1110.1400146484375,16.100000381469727
2024-01-31,21725.69921875,71752.109375,240.25999450683594,587.7000122070312,53.349998474121094,1110.300048828125,16.049999237060547
2024-02-01,21697.44921875,71645.296875,240.02999877929688,589.9199829101562,53.459999084472656,1112.4200439453125,14.460000038146973
2024-02-02,21853.80078125,72085.6328125,241.3000030517578,594.9199829101562,53.58000183105469,1117.3499755859375,14.699999809265137
2024-02-05,21771.69921875,71731.421875,240.24000549316406,592.280029296875,52.97999954223633,1119.02001953125,15.619999885559082
2024-02-06,21929.400390625,72186.09375,242.00999450683594,600.3699951171875,52.939998626708984,1122.4000244140625,15.789999961853027
2024-02-07,21930.5,72152.0,242.35000610351562,610.1699829101562,53.209999084472656,1123.5799560546875,15.510000228881836
2024-02-08,21717.94921875,71428.4296875,240.27999877929688,611.3099975585938,53.04999923706055,1125.8199462890625,15.829999923706055
2024-02-09,21782.5,71595.4921875,240.77999877929688,610.6400146484375,53.04999923706055,1125.7900390625,15.449999809265137
2024-02-12,21616.05078125,71072.4921875,239.32000732421875,599.6400146484375,52.790000915527344,1123.06005859375,16.059999465942383
2024-02-13,21743.25,71555.1875,240.58999633789062,603.469970703125,52.810001373291016,1124.81005859375,15.8100004196167
2024-02-14,21840.05078125,71822.828125,241.5500030517578,611.9600219726562,52.099998474121094,1123.2099609375,15.4399995803833
2024-02-15,21910.75,72050.3828125,242.72000122070312,617.8499755859375,52.16999816894531,1126.97998046875,15.229999542236328
2024-02-16,22040.69921875,72426.640625,243.99000549316406,622.7100219726562,52.349998474121094,1122.77001953125,15.220000267028809
2024-02-19,22122.25,72708.15625,245.0399932861328,624.1599731445312,52.63999938964844,1124.9200439453125,15.220000267028809
2024-02-20,22196.94921875,73057.3984375,245.3699951171875,624.9000244140625,52.560001373291016,1124.1500244140625,16.06999969482422
2024-02-21,22055.05078125,72623.09375,243.8699951171875,621.1900024414062,52.63999938964844,1125.97998046875,15.930000305175781
2024-02-22,22217.44921875,73158.2421875,245.7899932861328,627.9199829101562,52.720001220703125,1125.3199462890625,15.199999809265137
2024-02-23,22212.69921875,73142.796875,245.69000244140625,629.5399780273438,52.439998626708984,1126.199951171875,14.970000267028809
2024-02-26,22122.05078125,72790.1328125,244.8699951171875,630.1300048828125,52.709999084472656,1126.75,15.600000381469727
2024-02-27,22198.349609375,73095.21875,245.5,629.2899780273438,52.790000915527344,1129.81005859375,15.729999542236328
2024-02-28,21951.150390625,72304.8828125,243.07000732421875,621.3099975585938,52.599998474121094,1130.9599609375,16.329999923706055
2024-02-29,21982.80078125,72500.296875,243.25,627.760009765625,52.779998779296875,1132.239990234375,15.569999694824219
2024-03-01,22338.75,73745.3515625,246.85000610351562,632.469970703125,52.900001525878906,1131.489990234375,15.239999771118164
2024-03-04,22405.599609375,73872.2890625,247.8300018310547,637.010009765625,53.88999938964844,1127.050048828125,14.920000076293945
2024-03-05,22356.30078125,73677.1328125,247.33999633789062,638.5399780273438,54.619998931884766,1130.9300537109375,14.380000114440918
2024-03-06,22474.05078125,74085.9921875,248.6199951171875,636.719970703125,54.720001220703125,1130.0,14.300000190734863
2024-03-07,22493.55078125,74119.390625,248.6699981689453,642.8800048828125,55.439998626708984,1130.0999755859375,13.609999656677246
2024-03-11,22332.650390625,73502.640625,247.4499969482422,642.489990234375,56.0099983215332,1130.760009765625,14.0
2024-03-12,22335.69921875,73667.9609375,247.4199981689453,630.3699951171875,55.939998626708984,1130.02001953125,13.640000343322754
2024-03-13,21997.69921875,72761.890625,243.7100067138672,609.5900268554688,55.470001220703125,1131.010009765625,14.430000305175781
2024-03-14,22146.650390625,73097.28125,245.38999938964844,623.1699829101562,55.84000015258789,1131.3800048828125,13.619999885559082
2024-03-15,22023.349609375,72643.4296875,243.8000030517578,617.9600219726562,55.72999954223633,1133.199951171875,13.6899995803833
2024-03-18,22055.69921875,72748.421875,243.97999572753906,621.8099975585938,55.5,1135.9300537109375,13.899999618530273
2024-03-19,21817.44921875,72012.046875,241.60000610351562,610.3499755859375,55.61000061035156,1136.5400390625,14.109999656677246
2024-03-20,21839.099609375,72101.6875,241.5800018310547,612.7999877929688,55.720001220703125,1139.199951171875,13.470000267028809
2024-03-21,22011.94921875,72641.1875,243.99000549316406,625.72998046875,56.70000076293945,1136.6400146484375,12.510000228881836
2024-03-22,22096.75,72831.9375,244.74000549316406,628.469970703125,55.9900016784668,1138.0,12.220000267028809
2024-03-26,22004.69921875,72470.296875,243.7899932861328,634.4500122070312,56.29999923706055,1135.0999755859375,12.819999694824219
2024-03-27,22123.650390625,72996.3125,244.9600067138672,637.1500244140625,56.220001220703125,1138.0999755859375,12.699999809265137
2024-03-28,22326.900390625,73651.3515625,246.9600067138672,643.8099975585938,56.61000061035156,1137.25,12.829999923706055
2024-04-01,22462.0,74014.546875,248.19000244140625,655.780029296875,58.31999969482422,1139.93994140625,12.079999923706055
2024-04-02,22453.30078125,73903.90625,248.64999389648438,662.719970703125,58.63999938964844,1136.6700439453125,11.649999618530273
2024-04-03,22434.650390625,73876.8203125,248.58999633789062,664.77001953125,58.77000045776367,1138.9599609375,11.369999885559082
2024-04-04,22514.650390625,74227.6328125,249.22999572753906,661.6599731445312,59.18000030517578,1136.72998046875,11.220000267028809
2024-04-05,22513.69921875,74248.21875,249.0500030517578,666.0800170898438,59.029998779296875,1137.0799560546875,11.34000015258789
2024-04-08,22666.30078125,74742.5,250.75,670.3400268554688,60.209999084472656,1137.6800537109375,11.609999656677246
2024-04-09,22642.75,74683.703125,250.74000549316406,668.489990234375,60.54999923706055,1137.8499755859375,11.359999656677246
2024-04-10,22753.80078125,75038.1484375,251.57000732421875,674.469970703125,60.619998931884766,1137.8900146484375,11.109999656677246
2024-04-12,22519.400390625,74244.8984375,249.55999755859375,670.6599731445312,61.90999984741211,1138.6700439453125,11.529999732971191
2024-04-15,22272.5,73399.78125,246.8699951171875,660.530029296875,61.22999954223633,1137.989990234375,12.470000267028809
2024-04-16,22147.900390625,72943.6796875,245.52000427246094,660.9299926757812,61.88999938964844,1137.949951171875,12.619999885559082
2024-04-18,21995.849609375,72488.9921875,243.94000244140625,659.719970703125,61.959999084472656,1134.1800537109375,13.039999961853027
2024-04-19,22147.0,73088.328125,245.52999877929688,659.4299926757812,62.2400016784668,1136.1300048828125,13.460000038146973
2024-04-22,22336.400390625,73648.6171875,247.30999755859375,667.3900146484375,61.7400016784668,1132.510009765625,12.699999809265137
2024-04-23,22368.0,73738.453125,247.82000732421875,668.97998046875,60.25,1133.5999755859375,10.199999809265137
2024-04-24,22402.400390625,73852.9375,247.94000244140625,673.8599853515625,60.72999954223633,1133.2099609375,10.279999732971191
2024-04-25,22570.349609375,74339.4375,249.27000427246094,677.5599975585938,60.86000061035156,1133.0699462890625,10.729999542236328
2024-04-26,22419.94921875,73730.15625,248.44000244140625,682.9199829101562,61.33000183105469,1135.9599609375,10.930000305175781
2024-04-29,22643.400390625,74671.28125,250.58999633789062,684.8400268554688,61.29999923706055,1133.010009765625,12.239999771118164
2024-04-30,22604.849609375,74482.78125,250.05999755859375,690.3300170898438,60.880001068115234,1134.3900146484375,12.869999885559082
2024-05-02,22648.19921875,74611.109375,250.83999633789062,700.5700073242188,60.849998474121094,1135.3199462890625,13.449999809265137
2024-05-03,22475.849609375,73878.1484375,248.75,700.3300170898438,60.47999954223633,1136.3800048828125,14.619999885559082
2024-05-06,22442.69921875,73895.5390625,248.3699951171875,691.280029296875,60.720001220703125,1137.6300048828125,16.600000381469727
2024-05-07,22302.5,73511.8515625,247.11000061035156,680.5700073242188,60.68000030517578,1139.0,17.010000228881836
2024-05-08,22302.5,73466.390625,247.24000549316406,688.25,60.5,1137.530029296875,17.079999923706055
2024-05-09,21957.5,72404.171875,243.49000549316406,675.3200073242188,60.41999816894531,1137.969970703125,18.200000762939453
2024-05-10,22055.19921875,72664.46875,244.97000122070312,681.4199829101562,61.91999816894531,1138.6500244140625,18.469999313354492
2024-05-13,22104.05078125,72776.1328125,245.16000366210938,685.4500122070312,61.150001525878906,1138.9100341796875,20.600000381469727
2024-05-14,22217.849609375,73104.609375,246.61000061035156,695.239990234375,61.189998626708984,1139.6500244140625,20.200000762939453
2024-05-15,22200.55078125,72987.03125,246.4199981689453,698.969970703125,61.709999084472656,1139.760009765625,20.270000457763672
2024-05-16,22403.849609375,73663.71875,248.17999267578125,704.0800170898438,62.0,1141.8299560546875,20.0
2024-05-17,22466.099609375,73917.03125,248.72999572753906,714.260009765625,61.959999084472656,1143.5,19.799999237060547
2024-05-21,22529.05078125,73953.3125,249.74000549316406,726.4500122070312,62.630001068115234,1147.199951171875,21.809999465942383
2024-05-22,22597.80078125,74221.0625,250.36000061035156,728.2000122070312,62.68000030517578,1147.8900146484375,21.469999313354492
2024-05-23,22967.650390625,75418.0390625,254.2899932861328,732.1400146484375,61.619998931884766,1148.699951171875,21.3799991607666
2024-05-24,22957.099609375,75410.390625,254.97999572753906,735.8599853515625,60.88999938964844,1145.780029296875,21.709999084472656
2024-05-27,22932.44921875,75390.5,254.72000122070312,736.1900024414062,61.0,1146.1300048828125,23.190000534057617
2024-05-28,22888.150390625,75170.453125,254.1999969482422,730.0499877929688,61.119998931884766,1147.0999755859375,24.200000762939453
2024-05-29,22704.69921875,74502.8984375,252.3699951171875,725.0800170898438,61.20000076293945,1148.4300537109375,24.18000030517578
2024-05-30,22488.650390625,73885.6015625,250.35000610351562,719.5399780273438,60.7400016784668,1150.9000244140625,24.18000030517578
2024-05-31,22530.69921875,73961.3125,251.14999389648438,719.9199829101562,61.290000915527344,1147.0799560546875,24.600000381469727
2024-06-03,23263.900390625,76468.78125,258.1400146484375,750.2000122070312,60.59000015258789,1147.75,20.940000534057617
2024-06-04,21884.5,72079.046875,250.47999572753906,740.260009765625,60.560001373291016,1147.1300048828125,26.75
2024-06-05,22620.349609375,74382.2421875,251.3000030517578,712.3499755859375,60.68000030517578,1144.9300537109375,18.889999389648438
2024-06-06,22821.400390625,75074.5078125,252.97999572753906,726.6699829101562,61.45000076293945,1144.0400390625,16.799999237060547
2024-06-07,23290.150390625,76693.359375,258.4200134277344,736.5599975585938,61.09000015258789,1146.760009765625,16.8799991607666
2024-06-10,23259.19921875,76490.078125,257.94000244140625,742.9000244140625,60.130001068115234,1146.530029296875,16.399999618530273
2024-06-11,23264.849609375,76456.59375,258.79998779296875,742.219970703125,60.41999816894531,1149.8599853515625,14.770000457763672
2024-06-12,23322.94921875,76606.5703125,259.3900146484375,747.510009765625,60.59000015258789,1148.0,14.390000343322754
2024-06-13,23398.900390625,76810.8984375,260.29998779296875,753.8200073242188,60.59000015258789,1149.43994140625,13.489999771118164
2024-06-14,23465.599609375,76992.7734375,260.6499938964844,764.4000244140625,60.599998474121094,1150.1700439453125,12.819999694824219
2024-06-18,23557.900390625,77301.140625,261.55999755859375,768.8900146484375,60.33000183105469,1152.0,12.970000267028809
2024-06-19,23516.0,77337.59375,261.3800048828125,762.0999755859375,60.709999084472656,1151.8699951171875,13.710000038146973
2024-06-20,23567.0,77478.9296875,261.7200012207031,762.8699951171875,61.029998779296875,1152.4000244140625,13.350000381469727
2024-06-21,23501.099609375,77209.8984375,260.8699951171875,757.5800170898438,61.529998779296875,1154.02001953125,13.180000305175781
2024-06-24,23537.849609375,77341.078125,261.6600036621094,761.9400024414062,60.619998931884766,1155.1600341796875,14.0600004196167
2024-06-25,23721.30078125,78053.5234375,263.5899963378906,759.760009765625,60.75,1155.1800537109375,14.3100004196167
2024-06-26,23868.80078125,78674.25,265.010009765625,759.0999755859375,60.459999084472656,1157.989990234375,14.050000190734863
2024-06-27,24044.5,79243.1796875,266.95001220703125,759.0900268554688,60.31999969482422,1157.97998046875,14.149999618530273
2024-06-28,24010.599609375,79032.7265625,267.4800109863281,761.0399780273438,60.630001068115234,1157.93994140625,13.800000190734863
2024-07-01,24141.94921875,79476.1875,268.29998779296875,767.8699951171875,60.54999923706055,1155.27001953125,13.829999923706055
2024-07-02,24123.849609375,79441.453125,269.0299987792969,767.7899780273438,60.720001220703125,1158.3699951171875,13.640000343322754
2024-07-03,24286.5,79986.796875,270.2300109863281,772.8599853515625,61.06999969482422,1156.5400390625,13.210000038146973
2024-07-04,24302.150390625,80049.671875,270.5299987792969,776.9199829101562,61.290000915527344,1159.97998046875,12.859999656677246
2024-07-05,24323.849609375,79996.6015625,270.5299987792969,783.1699829101562,61.47999954223633,1157.010009765625,12.699999809265137
2024-07-08,24320.55078125,79960.3828125,270.0400085449219,783.9199829101562,61.56999969482422,1157.219970703125,13.600000381469727
2024-07-09,24433.19921875,80351.640625,271.3800048828125,787.0700073242188,61.380001068115234,1156.1700439453125,14.279999732971191
2024-07-10,24324.44921875,79924.7734375,270.9200134277344,787.260009765625,61.540000915527344,1159.8800048828125,14.430000305175781
2024-07-11,24315.94921875,79897.34375,270.75,789.2100219726562,61.68000030517578,1157.0999755859375,14.0
2024-07-12,24502.150390625,80519.34375,271.94000244140625,786.1699829101562,61.88999938964844,1159.199951171875,13.729999542236328
2024-07-15,24586.69921875,80664.859375,273.0899963378906,792.2899780273438,61.91999816894531,1159.52001953125,14.1899995803833
2024-07-16,24613.0,80716.546875,273.54998779296875,788.239990234375,62.439998626708984,1158.969970703125,14.220000267028809
2024-07-18,24800.849609375,81343.4609375,275.510009765625,779.489990234375,62.90999984741211,1159.8199462890625,14.510000228881836
2024-07-19,24530.900390625,80604.6484375,273.2900085449219,761.4099731445312,62.40999984741211,1158.25,14.829999923706055
2024-07-22,24509.25,80502.078125,272.45001220703125,770.1799926757812,62.08000183105469,1159.489990234375,15.4399995803833
2024-07-23,24479.05078125,80429.0390625,272.6400146484375,764.4500122070312,60.15999984741211,1159.02001953125,12.75
2024-07-24,24413.5,80148.8828125,271.8900146484375,766.0399780273438,59.599998474121094,1160.0,11.760000228881836
2024-07-25,24406.099609375,80039.796875,271.9200134277344,768.530029296875,59.369998931884766,1160.0,12.619999885559082
2024-07-26,24834.849609375,81332.71875,276.05999755859375,782.52001953125,59.9900016784668,1163.989990234375,12.25
2024-07-29,24836.099609375,81355.84375,276.67999267578125,790.1300048828125,58.779998779296875,1163.8299560546875,12.949999809265137
2024-07-30,24857.30078125,81455.3984375,277.1000061035156,789.22998046875,58.349998474121094,1163.0,12.880000114440918
2024-07-31,24951.150390625,81741.34375,277.75,794.510009765625,58.68000030517578,1165.050048828125,13.25
2024-08-01,25010.900390625,81867.546875,278.3299865722656,791.5,59.09000015258789,1164.6700439453125,12.930000305175781
2024-08-02,24717.69921875,80981.953125,275.69000244140625,782.8699951171875,59.66999816894531,1163.25,14.319999694824219
2024-08-05,24055.599609375,78759.3984375,269.4800109863281,767.489990234375,58.7400016784668,1164.280029296875,20.3700008392334
2024-08-06,23992.55078125,78593.0703125,267.6099853515625,749.8200073242188,58.619998931884766,1165.0400390625,18.739999771118164
2024-08-07,24297.5,79468.0078125,271.1000061035156,769.9400024414062,58.20000076293945,1168.5,16.170000076293945
2024-08-08,24117.0,78886.21875,269.3299865722656,767.0,58.09000015258789,1166.6800537109375,16.600000381469727
2024-08-09,24367.5,79705.90625,271.5899963378906,775.0399780273438,58.65999984741211,1165.3499755859375,15.34000015258789
2024-08-12,24347.0,79648.921875,271.44000244140625,772.4500122070312,59.02000045776367,1166.550048828125,15.869999885559082
2024-08-13,24139.0,78956.03125,269.5199890136719,764.1699829101562,59.400001525878906,1172.489990234375,16.170000076293945
2024-08-14,24143.75,79105.8828125,269.3399963378906,765.1699829101562,59.61000061035156,1171.6199951171875,15.4399995803833
2024-08-16,24541.150390625,80436.84375,273.80999755859375,776.4600219726562,59.470001220703125,1171.9200439453125,14.399999618530273
2024-08-19,24572.650390625,80424.6796875,274.42999267578125,781.4099731445312,60.34000015258789,1167.9599609375,14.319999694824219
2024-08-20,24698.849609375,80802.859375,275.8299865722656,788.8900146484375,60.66999816894531,1167.5999755859375,13.819999694824219
2024-08-21,24770.19921875,80905.296875,276.1199951171875,791.3699951171875,60.380001068115234,1168.6500244140625,13.329999923706055
2024-08-22,24811.5,81053.1875,276.4800109863281,796.8300170898438,60.45000076293945,1169.68994140625,13.0
2024-08-23,24823.150390625,81086.2109375,276.6000061035156,794.52001953125,60.25,1173.9300537109375,13.550000190734863
2024-08-26,25010.599609375,81698.109375,278.8399963378906,798.219970703125,60.83000183105469,1173.050048828125,13.800000190734863
2024-08-27,25017.75,81711.7578125,278.70001220703125,798.8800048828125,60.54999923706055,1175.260009765625,13.630000114440918
2024-08-28,25052.349609375,81785.5625,278.94000244140625,800.6099853515625,60.54999923706055,1174.27001953125,13.949999809265137
2024-08-29,25151.94921875,82134.609375,280.1000061035156,799.030029296875,60.56999969482422,1174.510009765625,13.789999961853027
2024-08-30,25235.900390625,82365.7734375,281.0799865722656,801.7999877929688,60.65999984741211,1175.8699951171875,13.390000343322754
2024-09-02,25278.69921875,82559.84375,281.45001220703125,802.489990234375,60.25,1183.8399658203125,14.0600004196167
2024-09-03,25279.849609375,82555.4375,281.7200012207031,803.5800170898438,60.36000061035156,1180.989990234375,13.84000015258789
2024-09-04,25198.69921875,82352.640625,281.2799987792969,805.530029296875,59.83000183105469,1177.949951171875,14.380000114440918
2024-09-05,25145.099609375,82201.15625,280.42999267578125,803.2000122070312,60.54999923706055,1177.3499755859375,14.210000038146973
2024-09-06,24852.150390625,81183.9296875,277.82000732421875,795.7899780273438,60.65999984741211,1178.1600341796875,15.220000267028809
2024-09-09,24936.400390625,81559.5390625,277.67999267578125,796.0700073242188,60.15999984741211,1178.8499755859375,14.239999771118164
2024-09-10,25041.099609375,81921.2890625,279.20001220703125,798.0999755859375,60.36000061035156,1179.9000244140625,13.359999656677246
2024-09-11,24918.44921875,81523.15625,277.5400085449219,793.8099975585938,60.709999084472656,1179.97998046875,13.630000114440918
2024-09-12,25388.900390625,82962.7109375,282.7099914550781,803.5599975585938,60.61000061035156,1183.5,13.180000305175781
2024-09-13,25356.5,82890.9375,283.19000244140625,804.2899780273438,61.63999938964844,1183.3800048828125,12.550000190734863
2024-09-16,25383.75,82988.78125,283.2699890136719,804.2899780273438,62.04999923706055,1184.3800048828125,12.460000038146973
2024-09-17,25418.55078125,83079.65625,283.8900146484375,803.1400146484375,61.77000045776367,1185.010009765625,12.59000015258789
2024-09-18,25377.55078125,82948.2265625,283.3599853515625,800.1500244140625,61.68000030517578,1185.9300537109375,13.369999885559082
2024-09-19,25415.80078125,83184.796875,283.9200134277344,794.8099975585938,62.189998626708984,1189.0,12.470000267028809
2024-09-20,25790.94921875,84544.3125,287.1000061035156,804.5800170898438,62.43000030517578,1187.8699951171875,12.789999961853027
2024-09-23,25939.05078125,84928.609375,289.3399963378906,816.3800048828125,62.810001373291016,1188.5,13.789999961853027
2024-09-24,25940.400390625,84914.0390625,289.29998779296875,817.280029296875,62.9900016784668,1189.31005859375,13.390000343322754
2024-09-25,26004.150390625,85169.8671875,290.0899963378906,814.8499755859375,63.65999984741211,1197.239990234375,12.739999771118164
2024-09-26,26216.05078125,85836.1171875,291.54998779296875,819.9400024414062,63.77000045776367,1194.1600341796875,12.0
2024-09-27,26178.94921875,85571.8515625,291.9700012207031,825.8599853515625,63.47999954223633,1194.1400146484375,11.960000038146973
2024-09-30,25810.849609375,84299.78125,288.3800048828125,821.5999755859375,63.54999923706055,1194.9200439453125,12.789999961853027
2024-10-01,25796.900390625,84266.2890625,288.2699890136719,821.8300170898438,63.59000015258789,1194.93994140625,11.989999771118164
2024-10-03,25250.099609375,82497.1015625,282.69000244140625,807.6300048828125,63.689998626708984,1194.8599853515625,13.170000076293945
2024-10-04,25014.599609375,81688.453125,280.1499938964844,803.2000122070312,63.9900016784668,1196.989990234375,14.130000114440918
2024-10-07,24795.75,81050.0,278.010009765625,784.969970703125,63.810001373291016,1193.219970703125,15.079999923706055
2024-10-08,25013.150390625,81634.8125,279.3999938964844,796.030029296875,63.45000076293945,1193.260009765625,14.59000015258789
2024-10-09,24981.94921875,81467.1015625,278.7200012207031,804.7000122070312,63.02000045776367,1197.7099609375,14.119999885559082
2024-10-10,24998.44921875,81611.40625,279.29998779296875,803.2999877929688,63.0099983215332,1199.22998046875,13.5
2024-10-11,24964.25,81381.359375,278.7200012207031,804.1500244140625,63.540000915527344,1199.949951171875,13.220000267028809
2024-10-14,25127.94921875,81973.046875,280.760009765625,807.010009765625,63.97999954223633,1199.81005859375,13.0
2024-10-15,25057.349609375,81820.1171875,279.8299865722656,809.4500122070312,63.86000061035156,1199.8299560546875,13.0
2024-10-16,24971.30078125,81501.359375,278.5,807.8099975585938,64.44000244140625,1202.469970703125,13.050000190734863
2024-10-17,24749.849609375,81006.609375,276.69000244140625,789.9099731445312,64.44000244140625,1200.030029296875,13.390000343322754
2024-10-18,24854.05078125,81224.75,277.5299987792969,792.989990234375,65.18000030517578,1200.260009765625,13.039999961853027
2024-10-21,24781.099609375,81151.2734375,276.4700012207031,781.989990234375,65.79000091552734,1200.030029296875,13.760000228881836
2024-10-22,24472.099609375,80220.71875,273.55999755859375,759.5499877929688,65.7300033569336,1200.02001953125,14.399999618530273
2024-10-23,24435.5,80081.9765625,273.0899963378906,757.3099975585938,66.16000366210938,1203.030029296875,14.619999885559082
2024-10-24,24399.400390625,80065.15625,272.1199951171875,753.6699829101562,65.75,1201.6099853515625,13.970000267028809
2024-10-25,24180.80078125,79402.2890625,270.4800109863281,744.489990234375,65.44999694824219,1201.31005859375,14.630000114440918
2024-10-28,24339.150390625,80005.0390625,271.9700012207031,747.72998046875,65.77999877929688,1202.300048828125,14.289999961853027
2024-10-29,24466.849609375,80369.03125,273.5899963378906,752.77001953125,66.30000305175781,1201.5,14.520000457763672
2024-10-30,24340.849609375,79942.1796875,272.1600036621094,749.9099731445312,67.0199966430664,1203.800048828125,15.510000228881836
2024-10-31,24205.349609375,79389.0625,270.6400146484375,746.5900268554688,66.91999816894531,1202.550048828125,15.550000190734863
2024-11-01,24304.349609375,79724.1171875,270.6400146484375,746.5900268554688,66.91999816894531,1202.550048828125,15.899999618530273
2024-11-04,23995.349609375,78782.2421875,268.4700012207031,741.010009765625,66.0199966430664,1201.02001953125,16.690000534057617
2024-11-05,24213.30078125,79476.6328125,270.7900085449219,744.9600219726562,65.94000244140625,1202.0400390625,16.1200008392334
2024-11-06,24484.05078125,80378.1328125,273.9100036621094,762.02001953125,65.58999633789062,1202.699951171875,14.869999885559082
2024-11-07,24199.349609375,79541.7890625,270.70001220703125,753.9000244140625,64.33000183105469,1201.280029296875,14.9399995803833
2024-11-08,24148.19921875,79486.3203125,270.0299987792969,744.969970703125,65.0,1203.5,14.470000267028809
2024-11-11,24141.30078125,79496.1484375,269.9599914550781,747.4099731445312,64.48999786376953,1203.1400146484375,14.270000457763672
2024-11-12,23883.44921875,78675.1796875,267.17999267578125,730.8499755859375,62.84000015258789,1203.0400390625,14.59000015258789
2024-11-13,23559.05078125,77690.953125,263.6400146484375,717.1599731445312,63.25,1203.510009765625,15.4399995803833
2024-11-14,23532.69921875,77580.3125,263.57000732421875,720.3900146484375,61.790000915527344,1203.93994140625,14.779999732971191
2024-11-18,23453.80078125,77339.0078125,262.4700012207031,719.719970703125,62.900001525878906,1208.449951171875,15.170000076293945
2024-11-19,23518.5,77578.3828125,263.07000732421875,723.5700073242188,63.720001220703125,1206.739990234375,15.65999984741211
2024-11-21,23349.900390625,77155.7890625,261.2900085449219,713.25,64.56999969482422,1206.4000244140625,15.989999771118164
2024-11-22,23907.25,79117.109375,266.8599853515625,726.3300170898438,65.33000183105469,1210.1700439453125,16.100000381469727
2024-11-25,24221.900390625,80109.8515625,270.7300109863281,740.8400268554688,64.37999725341797,1206.0,15.300000190734863
2024-11-26,24194.5,80004.0625,270.5400085449219,742.52001953125,63.38999938964844,1208.68994140625,15.3100004196167
2024-11-27,24274.900390625,80234.078125,271.5400085449219,749.3099975585938,63.959999084472656,1207.8900146484375,14.630000114440918
2024-11-28,23914.150390625,79043.7421875,267.67999267578125,750.1599731445312,64.04000091552734,1204.4599609375,15.210000038146973
2024-11-29,24131.099609375,79802.7890625,269.8800048828125,754.97998046875,64.29000091552734,1207.0699462890625,14.430000305175781
2024-12-02,24276.05078125,80248.078125,271.3800048828125,759.9500122070312,63.7599983215332,1206.969970703125,14.699999809265137
2024-12-03,24457.150390625,80845.75,272.9800109863281,767.9400024414062,64.05999755859375,1208.4100341796875,14.369999885559082
2024-12-04,24467.44921875,80956.328125,273.42999267578125,771.3800048828125,64.01000213623047,1207.800048828125,14.449999809265137
2024-12-05,24708.400390625,81765.859375,275.9200134277344,773.469970703125,64.05999755859375,1210.0,14.529999732971191
2024-12-06,24677.80078125,81709.1171875,275.8800048828125,778.5,63.9900016784668,1208.0799560546875,14.140000343322754
2024-12-09,24619.0,81508.4609375,275.1400146484375,776.5,64.29000091552734,1209.31005859375,14.109999656677246
2024-12-10,24610.05078125,81510.046875,274.67999267578125,780.6199951171875,64.66999816894531,1210.8599853515625,13.779999732971191
2024-12-11,24641.80078125,81526.140625,274.9700012207031,782.1599731445312,65.04000091552734,1209.02001953125,13.270000457763672
2024-12-12,24548.69921875,81289.9609375,274.1000061035156,780.239990234375,65.48999786376953,1203.25,13.1899995803833
2024-12-13,24768.30078125,82133.1171875,276.0799865722656,779.0599975585938,64.61000061035156,1209.510009765625,13.050000190734863
2024-12-16,24668.25,81748.5703125,275.4800109863281,781.280029296875,64.4800033569336,1211.56005859375,14.020000457763672
2024-12-17,24336.0,80684.453125,272.2200012207031,771.0900268554688,64.0999984741211,1212.8800048828125,14.489999771118164
2024-12-18,24198.849609375,80182.203125,270.70001220703125,760.8900146484375,64.37999725341797,1210.6300048828125,14.369999885559082
2024-12-19,23951.69921875,79218.046875,268.3900146484375,754.1799926757812,63.779998779296875,1205.300048828125,14.510000228881836
2024-12-20,23587.5,78041.59375,264.1499938964844,734.2100219726562,63.31999969482422,1209.780029296875,15.069999694824219
2024-12-23,23753.44921875,78540.171875,265.6600036621094,735.77001953125,63.970001220703125,1212.4000244140625,13.520000457763672
2024-12-24,23727.650390625,78472.8671875,265.489990234375,736.2100219726562,63.68000030517578,1211.510009765625,13.180000305175781
2024-12-26,23750.19921875,78472.4765625,265.6700134277344,738.219970703125,64.0,1215.0,14.039999961853027
2024-12-27,23813.400390625,78699.0703125,266.3900146484375,733.0399780273438,64.20999908447266,1212.06005859375,13.239999771118164
2024-12-30,23644.900390625,78248.1328125,264.3699951171875,727.5,64.0,1211.8599853515625,13.970000267028809
2024-12-31,23644.80078125,78139.0078125,264.4700012207031,726.989990234375,64.08999633789062,1212.02001953125,14.449999809265137
2025-01-01,23742.900390625,78507.40625,265.5899963378906,729.5499877929688,64.3499984741211,1215.8599853515625,14.449999809265137
2025-01-02,24188.650390625,79943.7109375,269.8900146484375,738.739990234375,64.5999984741211,1214.25,13.739999771118164
2025-01-03,24004.75,79223.109375,268.4100036621094,739.8400268554688,65.06999969482422,1213.780029296875,13.539999961853027
2025-01-06,23616.05078125,77964.9921875,264.4800109863281,717.1599731445312,64.61000061035156,1215.0,15.649999618530273
2025-01-07,23707.900390625,78199.109375,265.1600036621094,715.7000122070312,64.7699966430664,1232.02001953125,14.65999984741211
2025-01-08,23688.94921875,78148.4921875,264.9200134277344,709.7999877929688,65.12000274658203,1216.1500244140625,14.470000267028809
2025-01-09,23526.5,77620.2109375,263.1499938964844,700.969970703125,65.4000015258789,1217.5,14.65999984741211
2025-01-10,23431.5,77378.90625,262.2200012207031,687.8300170898438,65.93000030517578,1220.6099853515625,14.920000076293945
2025-01-13,23085.94921875,76330.0078125,258.3999938964844,660.9099731445312,66.25,1215.5699462890625,16.0
2025-01-14,23176.05078125,76499.6328125,259.260009765625,674.6199951171875,66.04000091552734,1218.4599609375,15.470000267028809
2025-01-15,23213.19921875,76724.078125,259.5799865722656,680.27001953125,66.26000213623047,1216.550048828125,15.260000228881836
2025-01-16,23311.80078125,77042.8203125,260.7200012207031,689.3200073242188,66.58999633789062,1212.9200439453125,15.470000267028809
2025-01-17,23203.19921875,76619.328125,259.7699890136719,695.8300170898438,66.66000366210938,1214.75,15.75
2025-01-20,23344.75,77073.4375,261.2900085449219,696.5700073242188,66.58999633789062,1216.5,16.420000076293945
2025-01-21,23024.650390625,75838.359375,257.9100036621094,678.2999877929688,66.94999694824219,1216.4100341796875,17.059999465942383
2025-01-22,23155.349609375,76404.9921875,258.8500061035156,672.25,67.62000274658203,1220.239990234375,16.770000457763672
2025-01-23,23205.349609375,76520.3828125,259.510009765625,679.0,67.43000030517578,1220.97998046875,16.700000762939453
2025-01-24,23092.19921875,76190.4609375,258.19000244140625,668.3400268554688,67.7699966430664,1220.1500244140625,16.75
2025-01-27,22829.150390625,75366.171875,255.69000244140625,649.719970703125,67.69000244140625,1219.760009765625,18.1299991607666
2025-01-28,22957.25,75901.40625,257.3299865722656,651.510009765625,67.58000183105469,1224.1600341796875,18.200000762939453
2025-01-29,23163.099609375,76532.9609375,259.3800048828125,664.3699951171875,67.86000061035156,1224.06005859375,18.639999389648438
2025-01-30,23249.5,76759.8125,260.2200012207031,664.989990234375,68.08999633789062,1222.56005859375,17.389999389648438
2025-01-31,23508.400390625,77500.5703125,263.0,676.9099731445312,69.08000183105469,1223.0,16.25
2025-02-01,23482.150390625,77500.5703125,262.1300048828125,678.72998046875,68.94999694824219,1225.3199462890625,16.25
2025-02-03,23361.05078125,77186.7421875,261.4700012207031,669.6599731445312,69.63999938964844,1224.8900146484375,14.350000381469727
2025-02-04,23739.25,78583.8125,265.04998779296875,680.3900146484375,70.08000183105469,1224.989990234375,14.020000457763672
2025-02-05,23696.30078125,78271.28125,265.25,684.5499877929688,71.56999969482422,1224.0400390625,14.079999923706055
2025-02-06,23603.349609375,78058.15625,264.3699951171875,679.3800048828125,71.43000030517578,1225.1600341796875,14.180000305175781
2025-02-07,23559.94921875,77860.1875,263.75,679.7100219726562,71.54000091552734,1226.9300537109375,13.6899995803833
2025-02-10,23381.599609375,77311.796875,261.8999938964844,667.3099975585938,72.5199966430664,1226.989990234375,14.449999809265137
2025-02-11,23071.80078125,76293.6015625,258.54998779296875,650.3800048828125,71.9800033569336,1227.989990234375,14.869999885559082
2025-02-12,23045.25,76171.078125,258.2699890136719,650.75,71.47000122070312,1225.02001953125,14.899999618530273
2025-02-13,23031.400390625,76138.96875,258.1700134277344,651.9400024414062,71.87000274658203,1226.97998046875,14.960000038146973
2025-02-14,22929.25,75939.2109375,256.95001220703125,637.510009765625,72.22000122070312,1225.5899658203125,15.020000457763672
2025-02-17,22959.5,75996.859375,257.1099853515625,635.6500244140625,71.6500015258789,1225.3499755859375,15.720000267028809
2025-02-18,22945.30078125,75967.390625,256.8399963378906,636.8800048828125,71.9800033569336,1227.8299560546875,15.670000076293945
2025-02-19,22932.900390625,75939.1796875,256.8900146484375,643.9400024414062,72.7300033569336,1227.0,15.420000076293945
2025-02-20,22913.150390625,75735.9609375,256.8500061035156,653.219970703125,72.48999786376953,1225.9200439453125,14.680000305175781
2025-02-21,22795.900390625,75311.0625,255.52999877929688,647.2100219726562,72.08000183105469,1223.06005859375,14.529999732971191
2025-02-24,22553.349609375,74454.40625,252.8699951171875,639.760009765625,72.5999984741211,1225.800048828125,14.4399995803833
2025-02-25,22547.55078125,74602.1171875,252.75,634.8400268554688,72.75,1225.9300537109375,13.720000267028809
2025-02-27,22545.05078125,74612.4296875,252.55999755859375,629.1099853515625,71.87999725341797,1227.1700439453125,13.3100004196167
2025-02-28,22124.69921875,73198.1015625,248.4499969482422,612.0800170898438,71.0999984741211,1221.5,13.90999984741211
2025-03-03,22119.30078125,73085.9375,248.0500030517578,616.280029296875,71.36000061035156,1224.4100341796875,13.760000228881836
2025-03-04,22082.650390625,72989.9296875,247.49000549316406,620.3599853515625,72.41999816894531,1223.719970703125,13.829999923706055
2025-03-05,22337.30078125,73730.2265625,250.47999572753906,636.1400146484375,72.2699966430664,1222.5400390625,13.670000076293945
2025-03-06,22544.69921875,74340.09375,252.75,643.9400024414062,71.88999938964844,1224.77001953125,13.729999542236328
2025-03-07,22552.5,74332.578125,252.83999633789062,641.0900268554688,72.20999908447266,1224.219970703125,13.470000267028809
2025-03-10,22460.30078125,74115.171875,251.75,631.3900146484375,72.16999816894531,1226.280029296875,13.989999771118164
2025-03-11,22497.900390625,74102.3203125,252.0800018310547,634.77001953125,72.08000183105469,1225.989990234375,14.069999694824219
2025-03-12,22470.5,74029.7578125,251.74000549316406,634.6099853515625,72.31999969482422,1226.8900146484375,13.6899995803833
2025-03-13,22397.19921875,73828.90625,251.05999755859375,631.0800170898438,72.81999969482422,1228.6300048828125,13.279999732971191
2025-03-17,22508.75,74169.953125,252.17999267578125,635.5399780273438,73.52999877929688,1228.9000244140625,13.420000076293945
2025-03-18,22834.30078125,75301.2578125,252.17999267578125,635.5399780273438,73.52999877929688,1228.9000244140625,13.210000038146973
2025-03-19,22907.599609375,75449.046875,256.70001220703125,662.989990234375,74.25,1227.8900146484375,13.300000190734863
2025-03-20,23190.650390625,76348.0625,259.32000732421875,666.9600219726562,74.48999786376953,1228.56005859375,12.600000381469727
2025-03-21,23350.400390625,76905.5078125,261.0899963378906,671.8300170898438,73.94999694824219,1230.0,12.579999923706055
2025-03-24,23658.349609375,77984.3828125,264.8999938964844,680.5599975585938,73.0,1233.0,13.699999809265137
2025-03-25,23668.650390625,78017.1875,264.7300109863281,670.719970703125,73.2300033569336,1235.3900146484375,13.640000343322754
2025-03-26,23486.849609375,77288.5,262.8999938964844,667.8900146484375,73.25,1234.3399658203125,13.470000267028809
2025-03-27,23591.94921875,77606.4296875,263.7300109863281,676.25,73.80000305175781,1235.469970703125,13.300000190734863
2025-03-28,23519.349609375,77414.921875,263.2099914550781,672.0800170898438,74.16000366210938,1239.969970703125,12.720000267028809
2025-04-01,23165.69921875,76024.5078125,259.6000061035156,667.8499755859375,76.72000122070312,1243.3699951171875,13.779999732971191
2025-04-02,23332.349609375,76617.4375,261.6400146484375,675.530029296875,76.2300033569336,1244.2099609375,13.720000267028809
2025-04-03,23250.099609375,76295.359375,260.4599914550781,675.7000122070312,75.8499984741211,1249.0,13.600000381469727
2025-04-04,22904.44921875,75364.6875,257.1600036621094,658.5,74.98999786376953,1251.4599609375,13.760000228881836
2025-04-07,22161.599609375,73137.8984375,249.10000610351562,640.0,73.83000183105469,1252.47998046875,22.790000915527344
2025-04-08,22535.849609375,74227.078125,252.72000122070312,651.0900268554688,73.68000030517578,1253.300048828125,20.440000534057617
2025-04-09,22399.150390625,73847.1484375,251.02999877929688,649.8200073242188,74.88999938964844,1258.3900146484375,21.43000030517578
2025-04-11,22828.55078125,75157.2578125,255.97000122070312,658.3200073242188,77.9000015258789,1255.699951171875,20.110000610351562
2025-04-15,23328.55078125,76734.890625,260.8699951171875,677.2899780273438,77.66000366210938,1256.2900390625,16.1299991607666
2025-04-16,23437.19921875,77044.2890625,261.9100036621094,681.3900146484375,79.2300033569336,1255.9000244140625,15.869999885559082
2025-04-17,23851.650390625,78553.203125,266.5400085449219,685.5900268554688,79.52999877929688,1257.800048828125,15.470000267028809
2025-04-21,24125.55078125,79408.5,269.70001220703125,698.1599731445312,81.06999969482422,1258.8599853515625,15.520000457763672
2025-04-22,24167.25,79595.59375,270.04998779296875,699.2999877929688,82.9000015258789,1262.219970703125,15.229999542236328
2025-04-23,24328.94921875,80116.4921875,271.82000732421875,704.25,80.38999938964844,1263.8800048828125,15.960000038146973
2025-04-24,24246.69921875,79801.4296875,270.95001220703125,702.9199829101562,80.51000213623047,1264.31005859375,16.25
2025-04-25,24039.349609375,79212.53125,268.6300048828125,687.5999755859375,80.02999877929688,1265.31005859375,17.15999984741211
2025-04-28,24328.5,80218.3671875,271.8999938964844,694.2000122070312,79.05000305175781,1265.0,16.940000534057617
2025-04-29,24335.94921875,80288.3828125,271.9100036621094,693.4099731445312,80.04000091552734,1266.8499755859375,17.3700008392334
2025-04-30,24334.19921875,80242.2421875,271.989990234375,688.47998046875,79.08999633789062,1267.8900146484375,18.219999313354492
2025-05-02,24346.69921875,80501.9921875,271.7699890136719,687.0999755859375,78.37999725341797,1266.989990234375,18.260000228881836
2025-05-05,24461.150390625,80796.84375,274.3900146484375,698.3900146484375,79.58000183105469,1270.1800537109375,18.34000015258789
2025-05-06,24379.599609375,80641.0703125,272.6000061035156,683.0800170898438,82.12999725341797,1270.0,19.0
2025-05-07,24414.400390625,80746.78125,272.7900085449219,686.3099975585938,81.27999877929688,1268.6600341796875,19.059999465942383
2025-05-08,24273.80078125,80334.8125,271.0400085449219,672.1699829101562,80.94000244140625,1270.0999755859375,21.010000228881836
2025-05-09,24008.0,79454.46875,268.489990234375,670.1500244140625,80.80000305175781,1268.5,21.6299991607666
2025-05-12,24924.69921875,82429.8984375,278.94000244140625,696.77001953125,77.9800033569336,1263.010009765625,18.389999389648438
2025-05-13,24578.349609375,81148.21875,275.6499938964844,696.72998046875,79.06999969482422,1265.5999755859375,18.200000762939453
2025-05-14,24666.900390625,81330.5625,276.57000732421875,701.9099731445312,78.58000183105469,1268.489990234375,17.229999542236328
2025-05-15,25062.099609375,82530.7421875,280.1700134277344,708.010009765625,77.04000091552734,1269.5999755859375,16.889999389648438
2025-05-16,25019.80078125,82330.59375,280.2099914550781,718.280029296875,77.77999877929688,1273.6800537109375,16.549999237060547
2025-05-19,24945.44921875,82059.421875,279.2099914550781,721.8400268554688,78.31999969482422,1275.510009765625,17.360000610351562
2025-05-20,24683.900390625,81186.4375,276.8900146484375,708.5399780273438,78.19000244140625,1278.6500244140625,17.389999389648438
2025-05-21,24813.44921875,81596.6328125,277.54998779296875,716.3699951171875,79.5,1278.3299560546875,17.549999237060547
2025-05-22,24609.69921875,80951.9921875,275.9100036621094,713.9199829101562,79.80999755859375,1283.3399658203125,17.260000228881836
2025-05-23,24853.150390625,81721.078125,278.3699951171875,717.7999877929688,79.51000213623047,1285.260009765625,17.280000686645508
2025-05-26,25001.150390625,82176.453125,279.8900146484375,720.8400268554688,79.7699966430664,1285.27001953125,18.020000457763672
2025-05-27,24826.19921875,81551.6328125,278.25,717.5999755859375,79.55999755859375,1282.18994140625,18.540000915527344
2025-05-28,24752.44921875,81312.3203125,277.69000244140625,715.8900146484375,80.05999755859375,1283.8499755859375,18.020000457763672
2025-05-29,24833.599609375,81633.0234375,278.5400085449219,716.9299926757812,79.0999984741211,1284.699951171875,16.420000076293945
2025-05-30,24750.69921875,81451.0078125,277.9700012207031,714.9099731445312,79.48999786376953,1286.31005859375,16.079999923706055
2025-06-02,24716.599609375,81373.75,277.6000061035156,717.5399780273438,80.5199966430664,1288.4300537109375,17.15999984741211
2025-06-03,24542.5,80737.5078125,275.7699890136719,713.97998046875,80.97000122070312,1287.739990234375,16.559999465942383
2025-06-04,24620.19921875,80998.25,276.4599914550781,716.0999755859375,81.30999755859375,1285.6400146484375,15.75
2025-06-05,24750.900390625,81442.0390625,278.04998779296875,718.6799926757812,81.7300033569336,1288.8399658203125,15.079999923706055
2025-06-06,25003.05078125,82188.9921875,280.5,726.6099853515625,81.2300033569336,1286.280029296875,14.630000114440918
2025-06-09,25103.19921875,82445.2109375,281.3500061035156,735.3300170898438,80.4800033569336,1286.3399658203125,14.6899995803833
2025-06-10,25104.25,82391.71875,281.3900146484375,737.4099731445312,80.61000061035156,1286.489990234375,14.020000457763672
2025-06-11,25141.400390625,82515.140625,281.8699951171875,734.7100219726562,80.76000213623047,1286.9300537109375,13.670000076293945
2025-06-12,24888.19921875,81691.9765625,278.95001220703125,723.469970703125,81.38999938964844,1286.8599853515625,14.020000457763672
2025-06-13,24718.599609375,81118.6015625,277.1000061035156,718.0,83.12999725341797,1279.47998046875,15.079999923706055
2025-06-16,24946.5,81796.1484375,279.70001220703125,722.760009765625,83.08999633789062,1281.81005859375,14.84000015258789
2025-06-17,24853.400390625,81583.296875,278.5899963378906,717.3200073242188,82.55999755859375,1278.5899658203125,14.399999618530273
2025-06-18,24812.05078125,81444.65625,278.239990234375,715.3900146484375,82.79000091552734,1282.4200439453125,14.279999732971191
2025-06-19,24793.25,81361.8671875,277.9100036621094,705.5499877929688,82.79000091552734,1279.699951171875,14.260000228881836
2025-06-20,25112.400390625,82408.171875,281.5,714.9400024414062,82.2300033569336,1279.8399658203125,13.670000076293945
2025-06-23,24971.900390625,81896.7890625,280.8599853515625,715.1900024414062,82.66000366210938,1281.8199462890625,14.050000190734863
2025-06-24,25044.349609375,82055.109375,281.42999267578125,721.8400268554688,80.9800033569336,1281.8599853515625,13.640000343322754
2025-06-25,25244.75,82755.5078125,283.4100036621094,725.030029296875,81.11000061035156,1280.0,12.960000038146973
2025-06-26,25549.0,83755.8671875,286.3900146484375,729.77001953125,81.12000274658203,1278.5400390625,12.59000015258789
2025-06-27,25637.80078125,84058.8984375,287.9599914550781,733.9299926757812,79.80999755859375,1278.3299560546875,12.390000343322754
2025-06-30,25517.05078125,83606.4609375,286.510009765625,736.9500122070312,79.98999786376953,1277.3499755859375,12.789999961853027
2025-07-01,25541.80078125,83697.2890625,286.8399963378906,736.47998046875,81.05000305175781,1278.550048828125,12.529999732971191
2025-07-02,25453.400390625,83409.6875,285.7799987792969,736.27001953125,81.11000061035156,1279.93994140625,12.449999809265137
2025-07-03,25405.30078125,83239.46875,285.3900146484375,732.8900146484375,81.01000213623047,1280.18994140625,12.390000343322754
2025-07-04,25461.0,83432.890625,286.1099853515625,735.6599731445312,80.88999938964844,1282.8199462890625,12.319999694824219
2025-07-07,25461.30078125,83442.5,286.07000732421875,735.6500244140625,80.52999877929688,1282.1199951171875,12.5600004196167
2025-07-08,25522.5,83712.5078125,286.9100036621094,736.3300170898438,80.77999877929688,1279.06005859375,12.199999809265137
2025-07-09,25476.099609375,83536.078125,286.5,736.219970703125,80.02999877929688,1281.219970703125,11.9399995803833
2025-07-10,25355.25,83190.28125,285.1600036621094,734.530029296875,80.70999908447266,1280.5,11.670000076293945
2025-07-11,25149.849609375,82500.46875,283.1099853515625,728.5800170898438,81.1500015258789,1280.9000244140625,11.819999694824219
2025-07-14,25082.30078125,82253.4609375,282.7099914550781,731.9199829101562,81.87999725341797,1280.760009765625,11.979999542236328
2025-07-15,25195.80078125,82570.90625,283.69000244140625,736.0900268554688,81.66999816894531,1280.6300048828125,11.479999542236328
2025-07-16,25212.05078125,82634.4765625,283.6400146484375,737.3599853515625,81.3499984741211,1282.0,11.239999771118164
2025-07-17,25111.44921875,82259.2421875,282.8299865722656,736.3900146484375,81.16000366210938,1282.949951171875,11.239999771118164
2025-07-18,24968.400390625,81757.7265625,281.42999267578125,731.7000122070312,81.7300033569336,1285.3499755859375,11.390000343322754
2025-07-21,25090.69921875,82200.34375,282.260009765625,734.52001953125,82.12999725341797,1286.760009765625,11.199999809265137
2025-07-22,25060.900390625,82186.8125,282.07000732421875,731.7999877929688,82.7699966430664,1287.0,10.75
2025-07-23,25219.900390625,82726.640625,283.5299987792969,732.4600219726562,83.75,1287.3599853515625,10.520000457763672
2025-07-24,25062.099609375,82184.171875,282.1000061035156,731.4500122070312,82.30000305175781,1286.239990234375,10.720000267028809
2025-07-25,24837.0,81463.09375,280.0299987792969,720.489990234375,82.0999984741211,1285.2099609375,11.279999732971191
2025-07-28,24680.900390625,80891.0234375,278.489990234375,716.4500122070312,82.02999877929688,1287.0,12.0600004196167
2025-07-29,24821.099609375,81337.953125,280.0899963378906,722.969970703125,81.91000366210938,1284.9000244140625,11.529999732971191
2025-07-30,24855.05078125,81481.859375,280.1300048828125,723.3499755859375,82.38999938964844,1285.52001953125,11.210000038146973
2025-07-31,24768.349609375,81185.578125,279.260009765625,719.8099975585938,82.19999694824219,1285.010009765625,11.539999961853027
2025-08-01,24565.349609375,80599.90625,277.3500061035156,711.2000122070312,81.94999694824219,1285.68994140625,11.979999542236328
2025-08-04,24722.75,81018.71875,278.8500061035156,718.989990234375,83.2300033569336,1288.0,11.970000267028809
2025-08-05,24649.55078125,80710.25,278.1400146484375,716.75,83.61000061035156,1288.0400390625,11.710000038146973
2025-08-06,24574.19921875,80543.9921875,277.30999755859375,711.0800170898438,83.44000244140625,1290.969970703125,11.960000038146973
2025-08-07,24596.150390625,80623.2578125,277.2900085449219,712.72998046875,83.94000244140625,1290.75,11.6899995803833
2025-08-08,24363.30078125,79857.7890625,275.1400146484375,704.1300048828125,84.36000061035156,1288.2099609375,12.029999732971191
2025-08-11,24585.05078125,80604.078125,277.2900085449219,711.7000122070312,83.2300033569336,1291.5899658203125,12.220000267028809
2025-08-12,24487.400390625,80235.59375,276.5400085449219,710.8800048828125,82.9800033569336,1285.3399658203125,12.229999542236328
2025-08-13,24619.349609375,80539.90625,278.0199890136719,715.97998046875,83.19000244140625,1285.18994140625,12.140000343322754
2025-08-14,24631.30078125,80597.65625,278.2300109863281,715.239990234375,83.13999938964844,1282.510009765625,12.359999656677246
2025-08-18,24876.94921875,81273.75,281.07000732421875,724.4099731445312,82.75,1284.0,12.34000015258789
2025-08-19,24980.650390625,81644.390625,281.9599914550781,729.0800170898438,82.30999755859375,1283.9300537109375,11.789999961853027
2025-08-20,25050.55078125,81857.84375,282.5199890136719,732.1900024414062,82.08000183105469,1281.25,11.789999961853027
2025-08-21,25083.75,82000.7109375,283.05999755859375,729.7000122070312,82.55000305175781,1283.1800537109375,11.369999885559082
2025-08-22,24870.099609375,81306.8515625,280.75,725.219970703125,82.62000274658203,1283.050048828125,11.729999542236328
2025-08-25,24967.75,81635.90625,281.67999267578125,727.8699951171875,83.5,1284.47998046875,11.760000228881836
2025-08-26,24712.05078125,80786.5390625,279.04998779296875,718.5700073242188,83.83000183105469,1280.77001953125,12.1899995803833
2025-08-28,24500.900390625,80080.5703125,276.92999267578125,709.469970703125,84.41999816894531,1283.5999755859375,12.180000305175781
2025-08-29,24426.849609375,79809.6484375,276.05999755859375,707.47998046875,85.33999633789062,1281.5899658203125,11.75
2025-09-01,24625.05078125,80364.4921875,278.17999267578125,716.4600219726562,86.61000061035156,1282.9100341796875,11.289999961853027
2025-09-02,24579.599609375,80157.8828125,277.67999267578125,719.5999755859375,86.61000061035156,1283.1099853515625,11.399999618530273
2025-09-03,24715.05078125,80567.7109375,278.94000244140625,723.8699951171875,87.87999725341797,1282.6300048828125,10.930000305175781
2025-09-04,24734.30078125,80718.0078125,279.32000732421875,721.280029296875,88.16000366210938,1283.219970703125,10.850000381469727
2025-09-05,24741.0,80710.7578125,279.6000061035156,721.1300048828125,88.6500015258789,1281.9200439453125,10.779999732971191
2025-09-08,24773.150390625,80787.296875,279.989990234375,724.02001953125,89.9800033569336,1285.489990234375,10.84000015258789
2025-09-09,24868.599609375,81101.3203125,280.5400085449219,724.9400024414062,91.16999816894531,1281.47998046875,10.6899995803833
2025-09-10,24973.099609375,81425.1484375,281.8399963378906,728.6599731445312,90.9000015258789,1282.030029296875,10.539999961853027
2025-09-11,25005.5,81548.7265625,282.5299987792969,729.8800048828125,90.62000274658203,1283.1400146484375,10.359999656677246
2025-09-12,25114.0,81904.703125,283.510009765625,732.219970703125,91.26000213623047,1285.1800537109375,10.119999885559082
2025-09-15,25069.19921875,81785.7421875,283.1199951171875,736.2999877929688,90.91999816894531,1285.18994140625,10.399999618530273
2025-09-16,25239.099609375,82380.6875,284.8900146484375,739.8699951171875,92.2699966430664,1287.800048828125,10.270000457763672
2025-09-17,25330.25,82693.7109375,285.9800109863281,743.0999755859375,91.25,1286.8599853515625,10.25
2025-09-18,25423.599609375,83013.9609375,286.70001220703125,744.9299926757812,91.5999984741211,1285.989990234375,9.890000343322754
2025-09-19,25327.05078125,82626.2265625,285.8999938964844,748.75,91.29000091552734,1287.530029296875,9.970000267028809
2025-09-22,25202.349609375,82159.96875,284.489990234375,749.8900146484375,93.13999938964844,1288.9200439453125,10.5600004196167
2025-09-23,25169.5,82102.1015625,284.3500061035156,748.219970703125,95.12999725341797,1290.0,10.630000114440918
2025-09-24,25056.900390625,81715.6328125,282.8800048828125,740.1900024414062,94.63999938964844,1288.989990234375,10.520000457763672
2025-09-25,24890.849609375,81159.6796875,281.239990234375,734.7899780273438,94.43000030517578,1287.1800537109375,10.779999732971191
2025-09-26,24654.69921875,80426.4609375,278.739990234375,722.5900268554688,94.22000122070312,1288.5,11.430000305175781
2025-09-29,24634.900390625,80364.9375,278.5400085449219,728.9500122070312,95.9000015258789,1292.050048828125,11.369999885559082
2025-09-30,24611.099609375,80267.6171875,277.5199890136719,729.8599853515625,95.8499984741211,1292.8900146484375,11.069999694824219
2025-10-01,24836.30078125,80983.3125,280.510009765625,731.260009765625,97.62999725341797,1293.4000244140625,10.289999961853027
2025-10-03,24894.25,81207.171875,281.1600036621094,734.7899780273438,97.06999969482422,1294.3900146484375,10.0600004196167
2025-10-06,25077.650390625,81790.1171875,283.07000732421875,737.510009765625,99.22000122070312,1293.3900146484375,10.1899995803833
2025-10-07,25108.30078125,81926.75,283.4100036621094,736.1599731445312,99.66000366210938,1296.969970703125,10.050000190734863
2025-10-08,25046.150390625,81773.65625,282.3800048828125,731.1099853515625,101.69000244140625,1299.25,10.3100004196167
2025-10-09,25181.80078125,82172.1015625,284.04998779296875,734.77001953125,101.47000122070312,1299.0,10.119999885559082
2025-10-10,25285.349609375,82500.8203125,285.5199890136719,736.8800048828125,100.66999816894531,1299.6300048828125,10.100000381469727
2025-10-13,25227.349609375,82327.046875,284.6400146484375,735.969970703125,102.6500015258789,1300.010009765625,11.010000228881836
2025-10-14,25145.5,82029.9765625,283.69000244140625,732.22998046875,105.08999633789062,1303.6500244140625,11.15999984741211
2025-10-15,25323.55078125,82605.4296875,286.07000732421875,741.1900024414062,105.29000091552734,1304.530029296875,10.529999732971191
2025-10-16,25585.30078125,83467.65625,288.70001220703125,745.02001953125,105.37000274658203,1302.25,10.869999885559082
2025-10-17,25709.849609375,83952.1875,290.1700134277344,745.469970703125,108.11000061035156,1304.3499755859375,11.630000114440918
2025-10-20,25843.150390625,84363.3671875,291.8599853515625,746.7999877929688,105.13999938964844,1308.43994140625,11.359999656677246
2025-10-21,25868.599609375,84426.34375,291.8699951171875,747.739990234375,105.69000244140625,1310.5699462890625,11.300000190734863
2025-10-23,25891.400390625,84556.3984375,292.3900146484375,746.6300048828125,101.69999694824219,1309.8800048828125,11.729999542236328
2025-10-24,25795.150390625,84211.8828125,292.3900146484375,746.6300048828125,101.69999694824219,1309.8800048828125,11.59000015258789
2025-10-27,25966.05078125,84778.84375,293.3500061035156,748.72998046875,100.13999938964844,1309.6400146484375,11.859999656677246
2025-10-28,25936.19921875,84628.15625,293.1000061035156,745.0499877929688,96.83999633789062,1307.6199951171875,11.949999809265137
2025-10-29,26053.900390625,84997.1328125,294.5,753.6400146484375,99.94999694824219,1307.9599609375,11.970000267028809
2025-10-30,25877.849609375,84404.4609375,292.5799865722656,751.8900146484375,99.68000030517578,1305.800048828125,12.069999694824219
2025-10-31,25722.099609375,83938.7109375,291.0799865722656,750.9500122070312,100.0199966430664,1307.1099853515625,12.149999618530273
2025-11-03,25763.349609375,83978.4921875,291.3500061035156,757.6799926757812,100.05000305175781,1308.52001953125,12.670000076293945
2025-11-04,25597.650390625,83459.1484375,289.5899963378906,754.3900146484375,99.80000305175781,1309.0,12.649999618530273
2025-11-06,25509.69921875,83311.0078125,288.239990234375,745.7100219726562,100.06999969482422,1308.1400146484375,12.40999984741211
2025-11-07,25492.30078125,83216.28125,288.44000244140625,746.3400268554688,99.94000244140625,1310.75,12.5600004196167
2025-11-10,25574.349609375,83535.3515625,289.489990234375,749.469970703125,101.69999694824219,1307.81005859375,12.300000190734863
2025-11-11,25694.94921875,83871.3203125,290.82000732421875,749.9099731445312,103.29000091552734,1308.81005859375,12.489999771118164
2025-11-12,25875.80078125,84466.5078125,292.7200012207031,751.4299926757812,102.69000244140625,1309.4300537109375,12.109999656677246
2025-11-13,25879.150390625,84478.671875,292.3900146484375,751.3300170898438,105.37000274658203,1309.0,12.15999984741211
2025-11-14,25910.05078125,84562.78125,292.8299865722656,750.8800048828125,103.80999755859375,1308.0,11.9399995803833
2025-11-17,26013.44921875,84950.953125,293.9700012207031,754.510009765625,101.94000244140625,1307.6300048828125,11.789999961853027
2025-11-18,25910.05078125,84673.0234375,292.9700012207031,749.5999755859375,100.91000366210938,1307.969970703125,12.100000381469727
2025-11-19,26052.650390625,85186.46875,294.3699951171875,749.4099731445312,102.2300033569336,1307.81005859375,11.970000267028809
2025-11-20,26192.150390625,85632.6796875,295.6400146484375,748.52001953125,101.55000305175781,1308.2900390625,12.140000343322754
2025-11-21,26068.150390625,85231.921875,294.32000732421875,739.0900268554688,102.0,1308.8800048828125,13.630000114440918
2025-11-24,25959.5,84900.7109375,293.29998779296875,731.8499755859375,102.2300033569336,1309.3800048828125,13.239999771118164
2025-11-25,25884.80078125,84587.0078125,292.67999267578125,733.5800170898438,103.45999908447266,1309.97998046875,12.239999771118164
2025-11-26,26205.30078125,85609.5078125,296.010009765625,743.8200073242188,104.18000030517578,1310.3499755859375,11.970000267028809
2025-11-27,26215.55078125,85720.3828125,296.4200134277344,742.8800048828125,104.11000061035156,1308.8900146484375,11.789999961853027
2025-11-28,26202.94921875,85706.671875,296.489990234375,744.1199951171875,104.62000274658203,1316.949951171875,11.619999885559082
2025-12-01,26175.75,85641.8984375,296.1000061035156,744.8800048828125,106.72000122070312,1314.050048828125,11.630000114440918
2025-12-02,26032.19921875,85138.2734375,294.6600036621094,744.3099975585938,105.62999725341797,1313.6500244140625,11.229999542236328
2025-12-03,25986.0,85106.8125,293.79998779296875,734.489990234375,106.51000213623047,1312.8599853515625,11.210000038146973
2025-12-04,26033.75,85265.3203125,294.3699951171875,737.8699951171875,105.91999816894531,1312.81005859375,10.819999694824219
2025-12-05,26186.44921875,85712.3671875,296.010009765625,739.6400146484375,106.88999938964844,1313.4599609375,10.319999694824219
2025-12-08,25960.55078125,85102.6875,293.45001220703125,724.489990234375,106.8499984741211,1316.3800048828125,11.130000114440918
2025-12-09,25839.650390625,84666.28125,292.3500061035156,728.77001953125,106.27999877929688,1316.050048828125,10.949999809265137
2025-12-10,25758.0,84391.2734375,291.55999755859375,726.9000244140625,106.2300033569336,1313.6800537109375,10.90999984741211
2025-12-11,25898.55078125,84818.1328125,292.92999267578125,731.1500244140625,107.1500015258789,1310.4300537109375,10.399999618530273
2025-12-12,26046.94921875,85267.65625,294.69000244140625,736.4099731445312,109.61000061035156,1305.469970703125,10.109999656677246
2025-12-15,26027.30078125,85213.359375,294.5400085449219,737.3300170898438,110.94999694824219,1309.8199462890625,10.25
2025-12-16,25860.099609375,84679.859375,292.6600036621094,735.760009765625,109.55999755859375,1308.780029296875,10.0600004196167
2025-12-17,25818.55078125,84559.6484375,291.7099914550781,732.5399780273438,109.98999786376953,1308.4200439453125,9.84000015258789
2025-12-18,25815.55078125,84481.8125,291.8399963378906,729.6799926757812,109.87999725341797,1307.6700439453125,9.710000038146973
2025-12-19,25966.400390625,84929.359375,293.4494934082031,734.8281860351562,109.81999969482422,1307.6700439453125,9.520000457763672
2025-12-22,26172.400390625,85567.4765625,295.69000244140625,738.9500122070312,111.38999938964844,1304.56005859375,9.680000305175781
2025-12-23,26177.150390625,85524.84375,295.67999267578125,742.7899780273438,113.0999984741211,1304.81005859375,9.380000114440918
2025-12-24,26142.099609375,85408.703125,295.5,741.4199829101562,113.20999908447266,1307.010009765625,9.1899995803833
2025-12-26,26042.30078125,85041.453125,294.4599914550781,741.4600219726562,114.30999755859375,1307.5400390625,9.149999618530273
2025-12-29,25942.099609375,84695.5390625,293.1499938964844,738.5800170898438,113.02999877929688,1309.050048828125,9.720000267028809
2025-12-30,25938.849609375,84675.078125,293.32000732421875,739.1199951171875,111.16999816894531,1310.5,9.680000305175781
2025-12-31,26129.599609375,85220.6015625,295.30999755859375,744.8800048828125,110.11000061035156,1313.31005859375,9.479999542236328
2026-01-01,26146.55078125,85188.6015625,295.3299865722656,747.760009765625,110.5199966430664,1313.8299560546875,9.479999542236328
2026-01-02,26328.55078125,85762.0078125,297.54998779296875,755.8599853515625,111.81999969482422,1314.8599853515625,9.449999809265137
2026-01-05,26250.30078125,85439.6171875,296.4100036621094,756.1199951171875,112.91999816894531,1314.4300537109375,10.020000457763672
2026-01-06,26178.69921875,85063.34375,296.0199890136719,759.8499755859375,113.13999938964844,1310.719970703125,10.020000457763672
2026-01-07,26140.75,84961.140625,295.7200012207031,760.8400268554688,112.91000366210938,1312.760009765625,9.949999809265137
2026-01-08,25876.849609375,84180.9609375,292.92999267578125,744.780029296875,112.29000091552734,1314.0400390625,10.600000381469727
2026-01-09,25683.30078125,83576.2421875,290.5899963378906,737.3200073242188,113.61000061035156,1312.050048828125,10.930000305175781
2026-01-12,25790.25,83878.171875,291.8699951171875,738.6699829101562,116.76000213623047,1314.8399658203125,11.369999885559082
2026-01-13,25732.30078125,83627.6875,291.1300048828125,737.0599975585938,116.37000274658203,1314.1500244140625,11.199999809265137
2026-01-14,25665.599609375,83382.7109375,290.6600036621094,741.3099975585938,118.01000213623047,1308.97998046875,11.319999694824219
2026-01-15,25665.599609375,83382.7109375,290.6600036621094,741.3099975585938,118.01000213623047,1308.97998046875,11.319999694824219
2026-01-16,25694.349609375,83570.3515625,291.0400085449219,740.6900024414062,117.77999877929688,1311.4100341796875,11.369999885559082
2026-01-19,25585.5,83246.1796875,289.6300048828125,738.6300048828125,121.0999984741211,1301.6099853515625,11.829999923706055
2026-01-20,25232.5,82180.46875,286.2799987792969,722.6400146484375,125.86000061035156,1303.3699951171875,12.729999542236328
2026-01-21,25157.5,81909.6328125,284.95001220703125,719.0900268554688,134.97000122070312,1299.739990234375,13.779999732971191
2026-01-22,25289.900390625,82307.3671875,286.6099853515625,727.469970703125,124.33999633789062,1300.0699462890625,13.350000381469727
2026-01-23,25048.650390625,81537.703125,283.9100036621094,713.2999877929688,127.41999816894531,1302.27001953125,14.1899995803833
2026-01-27,25175.400390625,81857.4765625,285.2200012207031,717.0599975585938,131.4499969482422,1306.6700439453125,14.449999809265137
2026-01-28,25342.75,82344.6796875,286.6099853515625,732.0,135.82000732421875,1307.1700439453125,13.529999732971191
2026-01-29,25418.900390625,82566.3671875,287.3699951171875,733.9500122070312,146.52999877929688,1301.1600341796875,13.369999885559082
2026-01-30,25320.650390625,82269.78125,286.7300109863281,729.6099853515625,131.1199951171875,1301.43994140625,13.630000114440918
2026-02-02,25088.400390625,81666.4609375,283.94000244140625,721.2100219726562,118.66999816894531,1303.9599609375,13.869999885559082
2026-02-03,25727.55078125,83739.1328125,291.239990234375,738.7899780273438,125.19999694824219,1302.9200439453125,12.899999618530273
2026-02-04,25776.0,83817.6875,291.6499938964844,744.0499877929688,129.60000610351562,1310.0,12.25
2026-02-05,25642.80078125,83313.9296875,290.3500061035156,740.3300170898438,125.22000122070312,1309.81005859375,12.170000076293945
2026-02-06,25693.69921875,83580.3984375,290.6499938964844,742.1900024414062,125.04000091552734,1312.8699951171875,11.9399995803833
2026-02-09,25867.30078125,84065.75,292.55999755859375,748.6599731445312,127.9800033569336,1311.719970703125,12.1899995803833
2026-02-10,25935.150390625,84273.921875,293.55999755859375,751.6099853515625,128.33999633789062,1309.43994140625,11.670000076293945
2026-02-11,25953.849609375,84233.640625,293.8500061035156,753.8499755859375,128.6999969482422,1308.3800048828125,11.550000190734863
2026-02-12,25807.19921875,83674.921875,292.2699890136719,751.0399780273438,128.52000427246094,1309.5899658203125,11.729999542236328
2026-02-13,25471.099609375,82626.7578125,288.8699951171875,740.8900146484375,126.0999984741211,1308.6600341796875,13.289999961853027
2026-02-16,25682.75,83277.1484375,290.760009765625,747.260009765625,126.91999816894531,1314.5699462890625,13.329999923706055
2026-02-17,25725.400390625,83450.9609375,291.5199890136719,751.27001953125,124.58000183105469,1316.6099853515625,12.670000076293945
2026-02-18,25819.349609375,83734.25,292.20001220703125,755.3599853515625,124.63999938964844,1318.2900390625,12.220000267028809
2026-02-19,25454.349609375,82498.140625,288.3800048828125,743.4400024414062,127.08999633789062,1322.68994140625,13.460000038146973
2026-02-20,25571.25,82814.7109375,289.2300109863281,747.5599975585938,127.54000091552734,1315.1700439453125,14.359999656677246
2026-02-23,25713.0,83294.65625,290.45001220703125,749.6699829101562,130.0,1317.780029296875,14.170000076293945
2026-02-24,25424.650390625,82225.921875,287.8500061035156,750.280029296875,131.22000122070312,1317.4200439453125,14.149999618530273
2026-02-25,25482.5,82276.0703125,288.6300048828125,756.010009765625,131.69000244140625,1319.449951171875,13.489999771118164
2026-02-26,25496.55078125,82248.609375,288.5799865722656,758.6699829101562,130.47999572753906,1320.06005859375,13.0600004196167
2026-02-27,25178.650390625,81287.1875,285.2900085449219,750.47998046875,131.60000610351562,1321.0699462890625,13.699999809265137
2026-03-02,24865.69921875,80238.8515625,281.92999267578125,739.9500122070312,138.32000732421875,1319.780029296875,17.1299991607666
